Fecha,29065130
2008-10-20,0.0
2008-10-21,0.0
2008-10-22,0.0
2008-10-23,0.0
2008-10-24,0.0
2008-10-25,0.0
2008-10-26,0.0
2008-10-27,0.0
2008-10-28,0.0
2008-10-29,0.0
2008-10-30,0.0
2008-10-31,0.0
2008-11-01,0.0
2008-11-02,0.0
2008-11-03,0.0
2008-11-04,0.0
2008-11-05,0.0
2008-11-06,0.0
2008-11-07,0.0
2008-11-08,0.0
2008-11-09,0.0
2008-11-10,0.0
2008-11-11,0.0
2008-11-12,0.0
2008-11-13,0.0
2008-11-14,0.0
2008-11-15,0.0
2008-11-16,0.0
2008-11-17,0.0
2008-11-18,0.0
2008-11-19,0.0
2008-11-20,0.0
2008-11-21,0.0
2008-11-22,0.0
2008-11-23,0.0
2008-11-24,0.0
2008-11-25,0.0
2008-11-26,0.0
2008-11-27,0.0
2008-11-28,0.0
2008-11-29,0.0
2008-11-30,0.0
2008-12-01,0.0
2008-12-02,0.0
2008-12-03,0.0
2008-12-04,1.0
2008-12-05,0.0
2008-12-06,0.0
2008-12-07,0.0
2008-12-08,0.0
2008-12-09,0.0
2008-12-10,0.0
2008-12-11,0.0
2008-12-12,0.0
2008-12-13,0.0
2008-12-14,0.0
2008-12-15,0.0
2008-12-16,0.0
2008-12-17,0.0
2008-12-18,42.0
2008-12-19,138.0
2008-12-20,236.0
2008-12-21,364.0
2008-12-22,201.0
2008-12-23,0.0
2008-12-24,0.0
2008-12-25,0.0
2008-12-26,0.0
2008-12-27,0.0
2008-12-28,0.0
2008-12-29,0.0
2008-12-30,0.0
2008-12-31,0.0
2009-01-01,0.0
2009-01-02,0.0
2009-01-03,0.0
2009-01-04,0.0
2009-01-05,0.0
2009-01-06,0.0
2009-01-07,0.0
2009-01-08,0.0
2009-01-09,0.0
2009-01-10,0.0
2009-01-11,0.0
2009-01-12,0.0
2009-01-13,0.0
2009-01-14,0.0
2009-01-15,0.0
2009-01-16,0.0
2009-01-17,0.0
2009-01-18,0.0
2009-01-19,0.0
2009-01-20,0.0
2009-01-21,0.0
2009-01-22,0.0
2009-01-23,0.0
2009-01-24,0.0
2009-01-25,0.0
2009-01-26,0.0
2009-01-27,0.0
2009-01-28,0.0
2009-01-29,0.0
2009-01-30,0.0
2009-01-31,0.0
2009-02-01,0.0
2009-02-02,0.0
2009-02-03,0.0
2009-02-04,7.0
2009-02-05,0.0
2009-02-06,0.0
2009-02-07,0.0
2009-02-08,0.0
2009-02-09,5.0
2009-02-10,99.0
2009-02-11,33.0
2009-02-12,0.0
2009-02-13,0.0
2009-02-14,24.0
2009-02-15,157.0
2009-02-16,0.0
2009-02-17,0.0
2009-02-18,0.0
2009-02-19,0.0
2009-02-20,0.0
2009-02-21,0.0
2009-02-22,0.0
2009-02-23,31.0
2009-02-24,153.0
2009-02-25,0.0
2009-02-26,0.0
2009-02-27,0.0
2009-02-28,15.0
2009-03-01,139.0
2009-03-02,183.0
2009-03-03,278.0
2009-03-04,325.0
2009-03-05,0.0
2009-03-06,0.0
2009-03-07,0.0
2009-03-08,0.0
2009-03-09,72.0
2009-03-10,253.0
2009-03-11,0.0
2009-03-12,0.0
2009-03-13,0.0
2009-03-14,21.0
2009-03-15,131.0
2009-03-16,281.0
2009-03-17,317.0
2009-03-18,0.0
2009-03-19,0.0
2009-03-20,0.0
2009-03-21,0.0
2009-03-22,0.0
2009-03-23,37.0
2009-03-24,31.0
2009-03-25,0.0
2009-03-26,0.0
2009-03-27,0.0
2009-03-28,0.0
2009-03-29,81.0
2009-03-30,253.0
2009-03-31,332.0
2009-04-01,0.0
2009-04-02,0.0
2009-04-03,0.0
2009-04-04,0.0
2009-04-05,0.0
2009-04-06,48.0
2009-04-07,8.0
2009-04-08,0.0
2009-04-09,0.0
2009-04-10,0.0
2009-04-11,0.0
2009-04-12,0.0
2009-04-13,22.0
2009-04-14,172.0
2009-04-15,0.0
2009-04-16,0.0
2009-04-17,0.0
2009-04-18,32.0
2009-04-19,184.0
2009-04-20,290.0
2009-04-21,341.0
2009-04-22,114.0
2009-04-23,0.0
2009-04-24,0.0
2009-04-25,0.0
2009-04-26,0.0
2009-04-27,26.0
2009-04-28,0.0
2009-04-29,0.0
2009-04-30,0.0
2009-05-01,0.0
2009-05-02,0.0
2009-05-03,0.0
2009-05-04,0.0
2009-05-05,0.0
2009-05-06,0.0
2009-05-07,0.0
2009-05-08,0.0
2009-05-09,0.0
2009-05-10,0.0
2009-05-11,0.0
2009-05-12,0.0
2009-05-13,0.0
2009-05-14,0.0
2009-05-15,0.0
2009-05-16,0.0
2009-05-17,0.0
2009-05-18,0.0
2009-05-19,0.0
2009-05-20,0.0
2009-05-21,0.0
2009-05-22,0.0
2009-05-23,0.0
2009-05-24,0.0
2009-05-25,0.0
2009-05-26,0.0
2009-05-27,0.0
2009-05-28,0.0
2009-05-29,0.0
2009-05-30,0.0
2009-05-31,0.0
2009-06-01,43.0
2009-06-02,0.0
2009-06-03,0.0
2009-06-04,0.0
2009-06-05,0.0
2009-06-06,0.0
2009-06-07,0.0
2009-06-08,0.0
2009-06-09,0.0
2009-06-10,0.0
2009-06-11,0.0
2009-06-12,0.0
2009-06-13,0.0
2009-06-14,0.0
2009-06-15,0.0
2009-06-16,0.0
2009-06-17,0.0
2009-06-18,0.0
2009-06-19,0.0
2009-06-20,0.0
2009-06-21,0.0
2009-06-22,0.0
2009-06-23,0.0
2009-06-24,0.0
2009-06-25,0.0
2009-06-26,0.0
2009-06-27,0.0
2009-06-28,0.0
2009-06-29,0.0
2009-06-30,0.0
2009-07-01,0.0
2009-07-02,0.0
2009-07-03,0.0
2009-07-04,0.0
2009-07-05,0.0
2009-07-06,0.0
2009-07-07,0.0
2009-07-08,0.0
2009-07-09,0.0
2009-07-10,0.0
2009-07-11,0.0
2009-07-12,0.0
2009-07-13,0.0
2009-07-14,0.0
2009-07-15,0.0
2009-07-16,0.0
2009-07-17,0.0
2009-07-18,39.0
2009-07-19,180.0
2009-07-20,129.0
2009-07-21,15.0
2009-07-22,0.0
2009-07-23,0.0
2009-07-24,0.0
2009-07-25,0.0
2009-07-26,0.0
2009-07-27,0.0
2009-07-28,0.0
2009-07-29,0.0
2009-07-30,0.0
2009-07-31,0.0
2009-08-01,0.0
2009-08-02,0.0
2009-08-03,0.0
2009-08-04,0.0
2009-08-05,0.0
2009-08-06,0.0
2009-08-07,0.0
2009-08-08,0.0
2009-08-09,0.0
2009-08-10,0.0
2009-08-11,0.0
2009-08-12,0.0
2009-08-13,0.0
2009-08-14,0.0
2009-08-15,0.0
2009-08-16,0.0
2009-08-17,0.0
2009-08-18,0.0
2009-08-19,0.0
2009-08-20,0.0
2009-08-21,0.0
2009-08-22,0.0
2009-08-23,0.0
2009-08-24,0.0
2009-08-25,0.0
2009-08-26,0.0
2009-08-27,0.0
2009-08-28,5.0
2009-08-29,7.0
2009-08-30,0.0
2009-08-31,0.0
2009-09-01,0.0
2009-09-02,0.0
2009-09-03,0.0
2009-09-04,0.0
2009-09-05,0.0
2009-09-06,63.0
2009-09-07,213.0
2009-09-08,369.0
2009-09-09,459.0
2009-09-10,309.0
2009-09-11,372.0
2009-09-12,450.0
2009-09-13,100.0
2009-09-14,0.0
2009-09-15,259.0
2009-09-16,106.0
2009-09-17,0.0
2009-09-18,0.0
2009-09-19,0.0
2009-09-20,0.0
2009-09-21,0.0
2009-09-22,11.0
2009-09-23,58.0
2009-09-24,118.0
2009-09-25,220.0
2009-09-26,50.0
2009-09-27,36.0
2009-09-28,37.0
2009-09-29,0.0
2009-09-30,0.0
2009-10-01,0.0
2009-10-02,0.0
2009-10-03,0.0
2009-10-04,0.0
2009-10-05,0.0
2009-10-06,18.0
2009-10-07,0.0
2009-10-08,0.0
2009-10-09,0.0
2009-10-10,0.0
2009-10-11,0.0
2009-10-12,0.0
2009-10-13,0.0
2009-10-14,0.0
2009-10-15,0.0
2009-10-16,0.0
2009-10-17,8.0
2009-10-18,3.0
2009-10-19,0.0
2009-10-20,0.0
2009-10-21,0.0
2009-10-22,0.0
2009-10-23,0.0
2009-10-24,13.0
2009-10-25,0.0
2009-10-26,0.0
2009-10-27,0.0
2009-10-28,0.0
2009-10-29,3.0
2009-10-30,113.0
2009-10-31,28.0
2009-11-01,0.0
2009-11-02,0.0
2009-11-03,0.0
2009-11-04,0.0
2009-11-05,0.0
2009-11-06,0.0
2009-11-07,0.0
2009-11-08,0.0
2009-11-09,0.0
2009-11-10,0.0
2009-11-11,0.0
2009-11-12,0.0
2009-11-13,0.0
2009-11-14,0.0
2009-11-15,0.0
2009-11-16,0.0
2009-11-17,0.0
2009-11-18,0.0
2009-11-19,0.0
2009-11-20,0.0
2009-11-21,0.0
2009-11-22,0.0
2009-11-23,0.0
2009-11-24,0.0
2009-11-25,0.0
2009-11-26,0.0
2009-11-27,0.0
2009-11-28,0.0
2009-11-29,0.0
2009-11-30,0.0
2009-12-01,0.0
2009-12-02,0.0
2009-12-03,0.0
2009-12-04,0.0
2009-12-05,0.0
2009-12-06,0.0
2009-12-07,0.0
2009-12-08,0.0
2009-12-09,0.0
2009-12-10,0.0
2009-12-11,0.0
2009-12-12,0.0
2009-12-13,0.0
2009-12-14,0.0
2009-12-15,0.0
2009-12-16,0.0
2009-12-17,0.0
2009-12-18,0.0
2009-12-19,0.0
2009-12-20,0.0
2009-12-21,0.0
2009-12-22,0.0
2009-12-23,0.0
2009-12-24,0.0
2009-12-25,0.0
2009-12-26,0.0
2009-12-27,0.0
2009-12-28,0.0
2009-12-29,0.0
2009-12-30,0.0
2009-12-31,0.0
2010-01-01,0.0
2010-01-02,0.0
2010-01-03,0.0
2010-01-04,0.0
2010-01-05,0.0
2010-01-06,0.0
2010-01-07,0.0
2010-01-08,0.0
2010-01-09,0.0
2010-01-10,0.0
2010-01-11,0.0
2010-01-12,0.0
2010-01-13,0.0
2010-01-14,0.0
2010-01-15,0.0
2010-01-16,0.0
2010-01-17,0.0
2010-01-18,0.0
2010-01-19,0.0
2010-01-20,0.0
2010-01-21,0.0
2010-01-22,0.0
2010-01-23,0.0
2010-01-24,0.0
2010-01-25,0.0
2010-01-26,0.0
2010-01-27,0.0
2010-01-28,0.0
2010-01-29,0.0
2010-01-30,0.0
2010-01-31,0.0
2010-02-01,0.0
2010-02-02,0.0
2010-02-03,0.0
2010-02-04,0.0
2010-02-05,0.0
2010-02-06,0.0
2010-02-07,0.0
2010-02-08,0.0
2010-02-09,0.0
2010-02-10,0.0
2010-02-11,0.0
2010-02-12,0.0
2010-02-13,0.0
2010-02-14,0.0
2010-02-15,0.0
2010-02-16,0.0
2010-02-17,0.0
2010-02-18,0.0
2010-02-19,0.0
2010-02-20,0.0
2010-02-21,0.0
2010-02-22,0.0
2010-02-23,0.0
2010-02-24,0.0
2010-02-25,0.0
2010-02-26,0.0
2010-02-27,0.0
2010-02-28,0.0
2010-03-01,0.0
2010-03-02,0.0
2010-03-03,0.0
2010-03-04,0.0
2010-03-05,0.0
2010-03-06,0.0
2010-03-07,0.0
2010-03-08,0.0
2010-03-09,0.0
2010-03-10,0.0
2010-03-11,0.0
2010-03-12,0.0
2010-03-13,0.0
2010-03-14,0.0
2010-03-15,0.0
2010-03-16,0.0
2010-03-17,0.0
2010-03-18,0.0
2010-03-19,0.0
2010-03-20,0.0
2010-03-21,0.0
2010-03-22,0.0
2010-03-23,0.0
2010-03-24,0.0
2010-03-25,0.0
2010-03-26,0.0
2010-03-27,0.0
2010-03-28,0.0
2010-03-29,0.0
2010-03-30,1.0
2010-03-31,0.0
2010-04-01,0.0
2010-04-02,0.0
2010-04-03,0.0
2010-04-04,0.0
2010-04-05,0.0
2010-04-06,0.0
2010-04-07,0.0
2010-04-08,0.0
2010-04-09,0.0
2010-04-10,0.0
2010-04-11,0.0
2010-04-12,0.0
2010-04-13,0.0
2010-04-14,0.0
2010-04-15,0.0
2010-04-16,0.0
2010-04-17,0.0
2010-04-18,0.0
2010-04-19,0.0
2010-04-20,0.0
2010-04-21,0.0
2010-04-22,0.0
2010-04-23,0.0
2010-04-24,0.0
2010-04-25,0.0
2010-04-26,0.0
2010-04-27,0.0
2010-04-28,0.0
2010-04-29,0.0
2010-04-30,0.0
2010-05-01,0.0
2010-05-02,0.0
2010-05-03,0.0
2010-05-04,0.0
2010-05-05,0.0
2010-05-06,0.0
2010-05-07,0.0
2010-05-08,0.0
2010-05-09,0.0
2010-05-10,0.0
2010-05-11,0.0
2010-05-12,0.0
2010-05-13,0.0
2010-05-14,0.0
2010-05-15,0.0
2010-05-16,0.0
2010-05-17,0.0
2010-05-18,0.0
2010-05-19,0.0
2010-05-20,0.0
2010-05-21,0.0
2010-05-22,0.0
2010-05-23,0.0
2010-05-24,0.0
2010-05-25,0.0
2010-05-26,0.0
2010-05-27,0.0
2010-05-28,0.0
2010-05-29,0.0
2010-05-30,0.0
2010-05-31,0.0
2010-06-01,0.0
2010-06-02,0.0
2010-06-03,50.0
2010-06-04,40.0
2010-06-05,31.0
2010-06-06,44.0
2010-06-07,50.0
2010-06-08,52.0
2010-06-09,63.0
2010-06-10,49.0
2010-06-11,49.0
2010-06-12,66.0
2010-06-13,49.0
2010-06-14,94.0
2010-06-15,89.0
2010-06-16,88.0
2010-06-17,83.0
2010-06-18,78.0
2010-06-19,82.0
2010-06-20,92.0
2010-06-21,96.0
2010-06-22,95.0
2010-06-23,81.0
2010-06-24,77.0
2010-06-25,80.0
2010-06-26,72.0
2010-06-27,79.0
2010-06-28,1.0
2010-06-29,0.0
2010-06-30,0.0
2010-07-01,0.0
2010-07-02,0.0
2010-07-03,0.0
2010-07-04,0.0
2010-07-05,0.0
2010-07-06,0.0
2010-07-07,0.0
2010-07-08,0.0
2010-07-09,0.0
2010-07-10,0.0
2010-07-11,0.0
2010-07-12,0.0
2010-07-13,0.0
2010-07-14,0.0
2010-07-15,0.0
2010-07-16,0.0
2010-07-17,0.0
2010-07-18,8.0
2010-07-19,0.0
2010-07-20,6.0
2010-07-21,12.0
2010-07-22,3.0
2010-07-23,0.0
2010-07-24,13.0
2010-07-25,2.0
2010-07-26,10.0
2010-07-27,11.0
2010-07-28,0.0
2010-07-29,0.0
2010-07-30,0.0
2010-07-31,0.0
2010-08-01,0.0
2010-08-02,0.0
2010-08-03,0.0
2010-08-04,0.0
2010-08-05,0.0
2010-08-06,0.0
2010-08-07,0.0
2010-08-08,0.0
2010-08-09,0.0
2010-08-10,0.0
2010-08-11,0.0
2010-08-12,0.0
2010-08-13,0.0
2010-08-14,0.0
2010-08-15,116.0
2010-08-16,215.0
2010-08-17,190.0
2010-08-18,65.0
2010-08-19,0.0
2010-08-20,0.0
2010-08-21,42.0
2010-08-22,20.0
2010-08-23,0.0
2010-08-24,1.0
2010-08-25,0.0
2010-08-26,0.0
2010-08-27,0.0
2010-08-28,0.0
2010-08-29,0.0
2010-08-30,30.0
2010-08-31,135.0
2010-09-01,24.0
2010-09-02,4.0
2010-09-03,0.0
2010-09-04,0.0
2010-09-05,0.0
2010-09-06,0.0
2010-09-07,26.0
2010-09-08,6.0
2010-09-09,203.0
2010-09-10,262.0
2010-09-11,293.0
2010-09-12,391.0
2010-09-13,144.0
2010-09-14,0.0
2010-09-15,0.0
2010-09-16,193.0
2010-09-17,0.0
2010-09-18,0.0
2010-09-19,0.0
2010-09-20,0.0
2010-09-21,181.0
2010-09-22,224.0
2010-09-23,138.0
2010-09-24,11.0
2010-09-25,0.0
2010-09-26,0.0
2010-09-27,0.0
2010-09-28,0.0
2010-09-29,0.0
2010-09-30,0.0
2010-10-01,0.0
2010-10-02,0.0
2010-10-03,0.0
2010-10-04,0.0
2010-10-05,0.0
2010-10-06,0.0
2010-10-07,0.0
2010-10-08,0.0
2010-10-09,0.0
2010-10-10,278.0
2010-10-11,381.0
2010-10-12,209.0
2010-10-13,0.0
2010-10-14,0.0
2010-10-15,110.0
2010-10-16,78.0
2010-10-17,11.0
2010-10-18,0.0
2010-10-19,0.0
2010-10-20,0.0
2010-10-21,0.0
2010-10-22,0.0
2010-10-23,0.0
2010-10-24,0.0
2010-10-25,0.0
2010-10-26,0.0
2010-10-27,0.0
2010-10-28,0.0
2010-10-29,0.0
2010-10-30,0.0
2010-10-31,0.0
2010-11-01,180.0
2010-11-02,416.0
2010-11-03,163.0
2010-11-04,0.0
2010-11-05,0.0
2010-11-06,0.0
2010-11-07,0.0
2010-11-08,0.0
2010-11-09,0.0
2010-11-10,0.0
2010-11-11,0.0
2010-11-12,0.0
2010-11-13,0.0
2010-11-14,0.0
2010-11-15,0.0
2010-11-16,0.0
2010-11-17,0.0
2010-11-18,156.0
2010-11-19,242.0
2010-11-20,323.0
2010-11-21,197.0
2010-11-22,156.0
2010-11-23,0.0
2010-11-24,0.0
2010-11-25,0.0
2010-11-26,0.0
2010-11-27,0.0
2010-11-28,0.0
2010-11-29,0.0
2010-11-30,0.0
2010-12-01,0.0
2010-12-02,0.0
2010-12-03,0.0
2010-12-04,0.0
2010-12-05,0.0
2010-12-06,0.0
2010-12-07,0.0
2010-12-08,0.0
2010-12-09,0.0
2010-12-10,0.0
2010-12-11,0.0
2010-12-12,0.0
2010-12-13,0.0
2010-12-14,0.0
2010-12-15,0.0
2010-12-16,40.0
2010-12-17,0.0
2010-12-18,0.0
2010-12-19,0.0
2010-12-20,0.0
2010-12-21,0.0
2010-12-22,0.0
2010-12-23,0.0
2010-12-24,0.0
2010-12-25,0.0
2010-12-26,0.0
2010-12-27,63.0
2010-12-28,116.0
2010-12-29,153.0
2010-12-30,174.0
2010-12-31,0.0
2011-01-01,0.0
2011-01-02,0.0
2011-01-03,0.0
2011-01-04,0.0
2011-01-05,0.0
2011-01-06,0.0
2011-01-07,0.0
2011-01-08,0.0
2011-01-09,0.0
2011-01-10,0.0
2011-01-11,0.0
2011-01-12,0.0
2011-01-13,0.0
2011-01-14,0.0
2011-01-15,2.0
2011-01-16,36.0
2011-01-17,125.0
2011-01-18,191.0
2011-01-19,0.0
2011-01-20,28.0
2011-01-21,10.0
2011-01-22,0.0
2011-01-23,0.0
2011-01-24,0.0
2011-01-25,0.0
2011-01-26,0.0
2011-01-27,0.0
2011-01-28,0.0
2011-01-29,0.0
2011-01-30,0.0
2011-01-31,0.0
2011-02-01,0.0
2011-02-02,0.0
2011-02-03,0.0
2011-02-04,0.0
2011-02-05,0.0
2011-02-06,0.0
2011-02-07,0.0
2011-02-08,0.0
2011-02-09,0.0
2011-02-10,0.0
2011-02-11,0.0
2011-02-12,0.0
2011-02-13,0.0
2011-02-14,0.0
2011-02-15,0.0
2011-02-16,0.0
2011-02-17,0.0
2011-02-18,0.0
2011-02-19,0.0
2011-02-20,0.0
2011-02-21,0.0
2011-02-22,0.0
2011-02-23,0.0
2011-02-24,0.0
2011-02-25,0.0
2011-02-26,0.0
2011-02-27,0.0
2011-02-28,0.0
2011-03-01,0.0
2011-03-02,0.0
2011-03-03,0.0
2011-03-04,36.0
2011-03-05,69.0
2011-03-06,0.0
2011-03-07,0.0
2011-03-08,0.0
2011-03-09,0.0
2011-03-10,0.0
2011-03-11,0.0
2011-03-12,0.0
2011-03-13,0.0
2011-03-14,0.0
2011-03-15,0.0
2011-03-16,0.0
2011-03-17,0.0
2011-03-18,0.0
2011-03-19,0.0
2011-03-20,112.0
2011-03-21,0.0
2011-03-22,0.0
2011-03-23,0.0
2011-03-24,0.0
2011-03-25,0.0
2011-03-26,0.0
2011-03-27,0.0
2011-03-28,0.0
2011-03-29,0.0
2011-03-30,0.0
2011-03-31,0.0
2011-04-01,0.0
2011-04-02,0.0
2011-04-03,0.0
2011-04-04,0.0
2011-04-05,0.0
2011-04-06,0.0
2011-04-07,12.0
2011-04-08,126.0
2011-04-09,216.0
2011-04-10,327.0
2011-04-11,73.0
2011-04-12,0.0
2011-04-13,0.0
2011-04-14,0.0
2011-04-15,0.0
2011-04-16,0.0
2011-04-17,0.0
2011-04-18,97.0
2011-04-19,260.0
2011-04-20,264.0
2011-04-21,251.0
2011-04-22,59.0
2011-04-23,0.0
2011-04-24,0.0
2011-04-25,0.0
2011-04-26,5.0
2011-04-27,93.0
2011-04-28,177.0
2011-04-29,207.0
2011-04-30,34.0
2011-05-01,0.0
2011-05-02,0.0
2011-05-03,0.0
2011-05-04,10.0
2011-05-05,0.0
2011-05-06,0.0
2011-05-07,0.0
2011-05-08,0.0
2011-05-09,0.0
2011-05-10,0.0
2011-05-11,0.0
2011-05-12,0.0
2011-05-13,0.0
2011-05-14,81.0
2011-05-15,86.0
2011-05-16,28.0
2011-05-17,20.0
2011-05-18,0.0
2011-05-19,5.0
2011-05-20,0.0
2011-05-21,8.0
2011-05-22,5.0
2011-05-23,10.0
2011-05-24,0.0
2011-05-25,0.0
2011-05-26,0.0
2011-05-27,0.0
2011-05-28,0.0
2011-05-29,0.0
2011-05-30,0.0
2011-05-31,0.0
2011-06-01,0.0
2011-06-02,0.0
2011-06-03,0.0
2011-06-04,0.0
2011-06-05,0.0
2011-06-06,0.0
2011-06-07,0.0
2011-06-08,0.0
2011-06-09,0.0
2011-06-10,0.0
2011-06-11,0.0
2011-06-12,0.0
2011-06-13,0.0
2011-06-14,0.0
2011-06-15,0.0
2011-06-16,0.0
2011-06-17,0.0
2011-06-18,0.0
2011-06-19,0.0
2011-06-20,0.0
2011-06-21,0.0
2011-06-22,0.0
2011-06-23,0.0
2011-06-24,0.0
2011-06-25,0.0
2011-06-26,0.0
2011-06-27,0.0
2011-06-28,0.0
2011-06-29,0.0
2011-06-30,0.0
2011-07-01,0.0
2011-07-02,0.0
2011-07-03,0.0
2011-07-04,0.0
2011-07-05,0.0
2011-07-06,0.0
2011-07-07,0.0
2011-07-08,0.0
2011-07-09,0.0
2011-07-10,0.0
2011-07-11,0.0
2011-07-12,0.0
2011-07-13,0.0
2011-07-14,0.0
2011-07-15,0.0
2011-07-16,0.0
2011-07-17,0.0
2011-07-18,0.0
2011-07-19,0.0
2011-07-20,0.0
2011-07-21,241.0
2011-07-22,218.0
2011-07-23,124.0
2011-07-24,30.0
2011-07-25,0.0
2011-07-26,0.0
2011-07-27,0.0
2011-07-28,0.0
2011-07-29,146.0
2011-07-30,0.0
2011-07-31,266.0
2011-08-01,0.0
2011-08-02,0.0
2011-08-03,6.0
2011-08-04,15.0
2011-08-05,0.0
2011-08-06,0.0
2011-08-07,0.0
2011-08-08,0.0
2011-08-09,0.0
2011-08-10,0.0
2011-08-11,0.0
2011-08-12,0.0
2011-08-13,0.0
2011-08-14,0.0
2011-08-15,0.0
2011-08-16,0.0
2011-08-17,0.0
2011-08-18,146.0
2011-08-19,83.0
2011-08-20,0.0
2011-08-21,0.0
2011-08-22,0.0
2011-08-23,13.0
2011-08-24,4.0
2011-08-25,0.0
2011-08-26,0.0
2011-08-27,60.0
2011-08-28,329.0
2011-08-29,0.0
2011-08-30,0.0
2011-08-31,0.0
2011-09-01,0.0
2011-09-02,0.0
2011-09-03,0.0
2011-09-04,0.0
2011-09-05,0.0
2011-09-06,0.0
2011-09-07,0.0
2011-09-08,0.0
2011-09-09,0.0
2011-09-10,0.0
2011-09-11,340.0
2011-09-12,328.0
2011-09-13,225.0
2011-09-14,122.0
2011-09-15,111.0
2011-09-16,360.0
2011-09-17,271.0
2011-09-18,361.0
2011-09-19,222.0
2011-09-20,251.0
2011-09-21,22.0
2011-09-22,0.0
2011-09-23,0.0
2011-09-24,0.0
2011-09-25,0.0
2011-09-26,0.0
2011-09-27,0.0
2011-09-28,0.0
2011-09-29,0.0
2011-09-30,0.0
2011-10-01,0.0
2011-10-02,0.0
2011-10-03,0.0
2011-10-04,171.0
2011-10-05,372.0
2011-10-06,340.0
2011-10-07,186.0
2011-10-08,2.0
2011-10-09,0.0
2011-10-10,80.0
2011-10-11,0.0
2011-10-12,180.0
2011-10-13,122.0
2011-10-14,151.0
2011-10-15,391.0
2011-10-16,354.0
2011-10-17,296.0
2011-10-18,366.0
2011-10-19,373.0
2011-10-20,54.0
2011-10-21,0.0
2011-10-22,0.0
2011-10-23,0.0
2011-10-24,0.0
2011-10-25,160.0
2011-10-26,100.0
2011-10-27,220.0
2011-10-28,20.0
2011-10-29,80.0
2011-10-30,280.0
2011-10-31,140.0
2011-11-01,140.0
2011-11-02,174.0
2011-11-03,264.0
2011-11-04,167.0
2011-11-05,113.0
2011-11-06,211.0
2011-11-07,255.0
2011-11-08,220.0
2011-11-09,80.0
2011-11-10,240.0
2011-11-11,100.0
2011-11-12,300.0
2011-11-13,240.0
2011-11-14,40.0
2011-11-15,0.0
2011-11-16,9.0
2011-11-17,0.0
2011-11-18,0.0
2011-11-19,0.0
2011-11-20,0.0
2011-11-21,0.0
2011-11-22,0.0
2011-11-23,0.0
2011-11-24,0.0
2011-11-25,0.0
2011-11-26,0.0
2011-11-27,0.0
2011-11-28,0.0
2011-11-29,0.0
2011-11-30,0.0
2011-12-01,0.0
2011-12-02,0.0
2011-12-03,0.0
2011-12-04,0.0
2011-12-05,0.0
2011-12-06,3.0
2011-12-07,49.0
2011-12-08,19.0
2011-12-09,0.0
2011-12-10,0.0
2011-12-11,0.0
2011-12-12,0.0
2011-12-13,0.0
2011-12-14,0.0
2011-12-15,0.0
2011-12-16,0.0
2011-12-17,0.0
2011-12-18,0.0
2011-12-19,0.0
2011-12-20,0.0
2011-12-21,0.0
2011-12-22,0.0
2011-12-23,0.0
2011-12-24,0.0
2011-12-25,0.0
2011-12-26,12.0
2011-12-27,0.0
2011-12-28,0.0
2011-12-29,0.0
2011-12-30,0.0
2011-12-31,0.0
2012-01-01,0.0
2012-01-02,0.0
2012-01-03,9.0
2012-01-04,44.0
2012-01-05,0.0
2012-01-06,156.0
2012-01-07,315.0
2012-01-08,309.0
2012-01-09,207.0
2012-01-10,106.0
2012-01-11,26.0
2012-01-12,0.0
2012-01-13,0.0
2012-01-14,0.0
2012-01-15,0.0
2012-01-16,0.0
2012-01-17,0.0
2012-01-18,0.0
2012-01-19,0.0
2012-01-20,0.0
2012-01-21,0.0
2012-01-22,0.0
2012-01-23,188.0
2012-01-24,258.0
2012-01-25,100.0
2012-01-26,20.0
2012-01-27,40.0
2012-01-28,137.0
2012-01-29,290.0
2012-01-30,289.0
2012-01-31,168.0
2012-02-01,41.0
2012-02-02,0.0
2012-02-03,0.0
2012-02-04,0.0
2012-02-05,0.0
2012-02-06,0.0
2012-02-07,0.0
2012-02-08,0.0
2012-02-09,0.0
2012-02-10,0.0
2012-02-11,0.0
2012-02-12,0.0
2012-02-13,235.0
2012-02-14,90.0
2012-02-15,63.0
2012-02-16,202.0
2012-02-17,279.0
2012-02-18,80.0
2012-02-19,0.0
2012-02-20,0.0
2012-02-21,120.0
2012-02-22,265.0
2012-02-23,293.0
2012-02-24,193.0
2012-02-25,76.0
2012-02-26,8.0
2012-02-27,0.0
2012-02-28,0.0
2012-02-29,0.0
2012-03-01,0.0
2012-03-02,0.0
2012-03-03,0.0
2012-03-04,0.0
2012-03-05,0.0
2012-03-06,0.0
2012-03-07,0.0
2012-03-08,0.0
2012-03-09,0.0
2012-03-10,0.0
2012-03-11,0.0
2012-03-12,0.0
2012-03-13,0.0
2012-03-14,0.0
2012-03-15,0.0
2012-03-16,0.0
2012-03-17,0.0
2012-03-18,0.0
2012-03-19,0.0
2012-03-20,159.0
2012-03-21,263.0
2012-03-22,195.0
2012-03-23,81.0
2012-03-24,14.0
2012-03-25,0.0
2012-03-26,0.0
2012-03-27,0.0
2012-03-28,0.0
2012-03-29,0.0
2012-03-30,0.0
2012-03-31,0.0
2012-04-01,0.0
2012-04-02,306.0
2012-04-03,151.0
2012-04-04,87.0
2012-04-05,34.0
2012-04-06,179.0
2012-04-07,15.0
2012-04-08,138.0
2012-04-09,0.0
2012-04-10,0.0
2012-04-11,0.0
2012-04-12,0.0
2012-04-13,0.0
2012-04-14,0.0
2012-04-15,0.0
2012-04-16,0.0
2012-04-17,0.0
2012-04-18,0.0
2012-04-19,0.0
2012-04-20,0.0
2012-04-21,0.0
2012-04-22,0.0
2012-04-23,0.0
2012-04-24,0.0
2012-04-25,0.0
2012-04-26,0.0
2012-04-27,0.0
2012-04-28,0.0
2012-04-29,0.0
2012-04-30,0.0
2012-05-01,0.0
2012-05-02,0.0
2012-05-03,0.0
2012-05-04,0.0
2012-05-05,0.0
2012-05-06,0.0
2012-05-07,0.0
2012-05-08,0.0
2012-05-09,0.0
2012-05-10,0.0
2012-05-11,0.0
2012-05-12,0.0
2012-05-13,0.0
2012-05-14,0.0
2012-05-15,0.0
2012-05-16,0.0
2012-05-17,0.0
2012-05-18,0.0
2012-05-19,0.0
2012-05-20,278.0
2012-05-21,336.0
2012-05-22,333.0
2012-05-23,307.0
2012-05-24,181.0
2012-05-25,60.0
2012-05-26,11.0
2012-05-27,0.0
2012-05-28,0.0
2012-05-29,0.0
2012-05-30,0.0
2012-05-31,0.0
2012-06-01,3.0
2012-06-02,99.0
2012-06-03,320.0
2012-06-04,335.0
2012-06-05,378.0
2012-06-06,387.0
2012-06-07,354.0
2012-06-08,255.0
2012-06-09,164.0
2012-06-10,22.0
2012-06-11,1.0
2012-06-12,12.0
2012-06-13,219.0
2012-06-14,368.0
2012-06-15,390.0
2012-06-16,389.0
2012-06-17,385.0
2012-06-18,368.0
2012-06-19,249.0
2012-06-20,123.0
2012-06-21,262.0
2012-06-22,302.0
2012-06-23,275.0
2012-06-24,135.0
2012-06-25,0.0
2012-06-26,0.0
2012-06-27,0.0
2012-06-28,4.0
2012-06-29,0.0
2012-06-30,0.0
2012-07-01,0.0
2012-07-02,0.0
2012-07-03,0.0
2012-07-04,0.0
2012-07-05,0.0
2012-07-06,0.0
2012-07-07,0.0
2012-07-08,0.0
2012-07-09,0.0
2012-07-10,0.0
2012-07-11,0.0
2012-07-12,0.0
2012-07-13,0.0
2012-07-14,0.0
2012-07-15,0.0
2012-07-16,0.0
2012-07-17,0.0
2012-07-18,0.0
2012-07-19,0.0
2012-07-20,0.0
2012-07-21,0.0
2012-07-22,0.0
2012-07-23,0.0
2012-07-24,0.0
2012-07-25,0.0
2012-07-26,0.0
2012-07-27,0.0
2012-07-28,0.0
2012-07-29,0.0
2012-07-30,0.0
2012-07-31,0.0
2012-08-01,0.0
2012-08-02,0.0
2012-08-03,0.0
2012-08-04,0.0
2012-08-05,0.0
2012-08-06,0.0
2012-08-07,0.0
2012-08-08,0.0
2012-08-09,0.0
2012-08-10,0.0
2012-08-11,0.0
2012-08-12,0.0
2012-08-13,0.0
2012-08-14,0.0
2012-08-15,0.0
2012-08-16,0.0
2012-08-17,0.0
2012-08-18,0.0
2012-08-19,0.0
2012-08-20,0.0
2012-08-21,0.0
2012-08-22,0.0
2012-08-23,0.0
2012-08-24,0.0
2012-08-25,0.0
2012-08-26,0.0
2012-08-27,0.0
2012-08-28,0.0
2012-08-29,0.0
2012-08-30,0.0
2012-08-31,0.0
2012-09-01,0.0
2012-09-02,0.0
2012-09-03,0.0
2012-09-04,0.0
2012-09-05,0.0
2012-09-06,0.0
2012-09-07,0.0
2012-09-08,0.0
2012-09-09,0.0
2012-09-10,0.0
2012-09-11,0.0
2012-09-12,0.0
2012-09-13,0.0
2012-09-14,0.0
2012-09-15,0.0
2012-09-16,0.0
2012-09-17,0.0
2012-09-18,0.0
2012-09-19,0.0
2012-09-20,0.0
2012-09-21,0.0
2012-09-22,0.0
2012-09-23,0.0
2012-09-24,0.0
2012-09-25,0.0
2012-09-26,0.0
2012-09-27,0.0
2012-09-28,0.0
2012-09-29,0.0
2012-09-30,0.0
2012-10-01,0.0
2012-10-02,0.0
2012-10-03,0.0
2012-10-04,0.0
2012-10-05,0.0
2012-10-06,0.0
2012-10-07,0.0
2012-10-08,0.0
2012-10-09,0.0
2012-10-10,0.0
2012-10-11,18.0
2012-10-12,139.0
2012-10-13,97.0
2012-10-14,56.0
2012-10-15,92.0
2012-10-16,19.0
2012-10-17,182.0
2012-10-18,242.0
2012-10-19,127.0
2012-10-20,62.0
2012-10-21,97.0
2012-10-22,68.0
2012-10-23,148.0
2012-10-24,66.0
2012-10-25,37.0
2012-10-26,39.0
2012-10-27,29.0
2012-10-28,77.0
2012-10-29,70.0
2012-10-30,91.0
2012-10-31,78.0
2012-11-01,151.0
2012-11-02,93.0
2012-11-03,16.0
2012-11-04,140.0
2012-11-05,49.0
2012-11-06,62.0
2012-11-07,87.0
2012-11-08,129.0
2012-11-09,93.0
2012-11-10,174.0
2012-11-11,87.0
2012-11-12,62.0
2012-11-13,99.0
2012-11-14,62.0
2012-11-15,46.0
2012-11-16,53.0
2012-11-17,55.0
2012-11-18,74.0
2012-11-19,78.0
2012-11-20,107.0
2012-11-21,50.0
2012-11-22,36.0
2012-11-23,20.0
2012-11-24,61.0
2012-11-25,67.0
2012-11-26,0.0
2012-11-27,0.0
2012-11-28,0.0
2012-11-29,0.0
2012-11-30,0.0
2012-12-01,0.0
2012-12-02,0.0
2012-12-03,0.0
2012-12-04,0.0
2012-12-05,0.0
2012-12-06,0.0
2012-12-07,0.0
2012-12-08,0.0
2012-12-09,0.0
2012-12-10,0.0
2012-12-11,0.0
2012-12-12,0.0
2012-12-13,0.0
2012-12-14,0.0
2012-12-15,0.0
2012-12-16,0.0
2012-12-17,0.0
2012-12-18,0.0
2012-12-19,0.0
2012-12-20,0.0
2012-12-21,0.0
2012-12-22,0.0
2012-12-23,0.0
2012-12-24,0.0
2012-12-25,0.0
2012-12-26,0.0
2012-12-27,0.0
2012-12-28,0.0
2012-12-29,0.0
2012-12-30,0.0
2012-12-31,0.0
2013-01-01,0.0
2013-01-02,0.0
2013-01-03,0.0
2013-01-04,0.0
2013-01-05,0.0
2013-01-06,0.0
2013-01-07,0.0
2013-01-08,0.0
2013-01-09,0.0
2013-01-10,0.0
2013-01-11,0.0
2013-01-12,0.0
2013-01-13,0.0
2013-01-14,0.0
2013-01-15,0.0
2013-01-16,0.0
2013-01-17,0.0
2013-01-18,0.0
2013-01-19,0.0
2013-01-20,0.0
2013-01-21,0.0
2013-01-22,0.0
2013-01-23,0.0
2013-01-24,0.0
2013-01-25,0.0
2013-01-26,0.0
2013-01-27,0.0
2013-01-28,0.0
2013-01-29,0.0
2013-01-30,0.0
2013-01-31,0.0
2013-02-01,0.0
2013-02-02,0.0
2013-02-03,0.0
2013-02-04,0.0
2013-02-05,0.0
2013-02-06,0.0
2013-02-07,0.0
2013-02-08,0.0
2013-02-09,0.0
2013-02-10,0.0
2013-02-11,0.0
2013-02-12,0.0
2013-02-13,0.0
2013-02-14,0.0
2013-02-15,0.0
2013-02-16,0.0
2013-02-17,0.0
2013-02-18,0.0
2013-02-19,0.0
2013-02-20,0.0
2013-02-21,0.0
2013-02-22,0.0
2013-02-23,0.0
2013-02-24,0.0
2013-02-25,0.0
2013-02-26,0.0
2013-02-27,0.0
2013-02-28,0.0
2013-03-01,0.0
2013-03-02,0.0
2013-03-03,0.0
2013-03-04,0.0
2013-03-05,0.0
2013-03-06,0.0
2013-03-07,0.0
2013-03-08,0.0
2013-03-09,0.0
2013-03-10,0.0
2013-03-11,0.0
2013-03-12,0.0
2013-03-13,0.0
2013-03-14,0.0
2013-03-15,1.0
2013-03-16,1.0
2013-03-17,1.0
2013-03-18,0.0
2013-03-19,0.0
2013-03-20,0.0
2013-03-21,0.0
2013-03-22,0.0
2013-03-23,1.0
2013-03-24,0.0
2013-03-25,0.0
2013-03-26,0.0
2013-03-27,0.0
2013-03-28,0.0
2013-03-29,0.0
2013-03-30,0.0
2013-03-31,0.0
2013-04-01,0.0
2013-04-02,0.0
2013-04-03,0.0
2013-04-04,1.0
2013-04-05,0.0
2013-04-06,0.0
2013-04-07,0.0
2013-04-08,0.0
2013-04-09,0.0
2013-04-10,0.0
2013-04-11,0.0
2013-04-12,0.0
2013-04-13,0.0
2013-04-14,0.0
2013-04-15,139.0
2013-04-16,224.0
2013-04-17,379.0
2013-04-18,115.0
2013-04-19,0.0
2013-04-20,0.0
2013-04-21,0.0
2013-04-22,0.0
2013-04-23,0.0
2013-04-24,0.0
2013-04-25,99.0
2013-04-26,255.0
2013-04-27,394.0
2013-04-28,136.0
2013-04-29,0.0
2013-04-30,0.0
2013-05-01,20.0
2013-05-02,223.0
2013-05-03,324.0
2013-05-04,154.0
2013-05-05,0.0
2013-05-06,0.0
2013-05-07,0.0
2013-05-08,0.0
2013-05-09,0.0
2013-05-10,0.0
2013-05-11,0.0
2013-05-12,0.0
2013-05-13,0.0
2013-05-14,98.0
2013-05-15,243.0
2013-05-16,397.0
2013-05-17,137.0
2013-05-18,0.0
2013-05-19,0.0
2013-05-20,0.0
2013-05-21,0.0
2013-05-22,0.0
2013-05-23,0.0
2013-05-24,0.0
2013-05-25,0.0
2013-05-26,0.0
2013-05-27,22.0
2013-05-28,179.0
2013-05-29,0.0
2013-05-30,6.0
2013-05-31,0.0
2013-06-01,0.0
2013-06-02,0.0
2013-06-03,0.0
2013-06-04,0.0
2013-06-05,0.0
2013-06-06,298.0
2013-06-07,401.0
2013-06-08,176.0
2013-06-09,0.0
2013-06-10,0.0
2013-06-11,0.0
2013-06-12,0.0
2013-06-13,0.0
2013-06-14,0.0
2013-06-15,0.0
2013-06-16,0.0
2013-06-17,117.0
2013-06-18,285.0
2013-06-19,107.0
2013-06-20,0.0
2013-06-21,0.0
2013-06-22,0.0
2013-06-23,0.0
2013-06-24,0.0
2013-06-25,0.0
2013-06-26,32.0
2013-06-27,25.0
2013-06-28,14.0
2013-06-29,16.0
2013-06-30,0.0
2013-07-01,0.0
2013-07-02,328.0
2013-07-03,180.0
2013-07-04,0.0
2013-07-05,0.0
2013-07-06,0.0
2013-07-07,0.0
2013-07-08,0.0
2013-07-09,0.0
2013-07-10,0.0
2013-07-11,159.0
2013-07-12,264.0
2013-07-13,379.0
2013-07-14,148.0
2013-07-15,0.0
2013-07-16,0.0
2013-07-17,0.0
2013-07-18,0.0
2013-07-19,0.0
2013-07-20,0.0
2013-07-21,0.0
2013-07-22,0.0
2013-07-23,0.0
2013-07-24,0.0
2013-07-25,0.0
2013-07-26,0.0
2013-07-27,0.0
2013-07-28,0.0
2013-07-29,0.0
2013-07-30,0.0
2013-07-31,0.0
2013-08-01,0.0
2013-08-02,0.0
2013-08-03,0.0
2013-08-04,0.0
2013-08-05,0.0
2013-08-06,74.0
2013-08-07,216.0
2013-08-08,330.0
2013-08-09,410.0
2013-08-10,445.0
2013-08-11,136.0
2013-08-12,340.0
2013-08-13,97.0
2013-08-14,0.0
2013-08-15,209.0
2013-08-16,305.0
2013-08-17,116.0
2013-08-18,43.0
2013-08-19,31.0
2013-08-20,6.0
2013-08-21,0.0
2013-08-22,0.0
2013-08-23,0.0
2013-08-24,0.0
2013-08-25,0.0
2013-08-26,0.0
2013-08-27,0.0
2013-08-28,0.0
2013-08-29,0.0
2013-08-30,0.0
2013-08-31,0.0
2013-09-01,0.0
2013-09-02,0.0
2013-09-03,0.0
2013-09-04,0.0
2013-09-05,0.0
2013-09-06,125.0
2013-09-07,249.0
2013-09-08,332.0
2013-09-09,122.0
2013-09-10,0.0
2013-09-11,0.0
2013-09-12,0.0
2013-09-13,0.0
2013-09-14,0.0
2013-09-15,0.0
2013-09-16,0.0
2013-09-17,0.0
2013-09-18,145.0
2013-09-19,161.0
2013-09-20,251.0
2013-09-21,410.0
2013-09-22,277.0
2013-09-23,0.0
2013-09-24,0.0
2013-09-25,62.0
2013-09-26,119.0
2013-09-27,197.0
2013-09-28,152.0
2013-09-29,244.0
2013-09-30,289.0
2013-10-01,162.0
2013-10-02,192.0
2013-10-03,324.0
2013-10-04,310.0
2013-10-05,373.0
2013-10-06,147.0
2013-10-07,0.0
2013-10-08,36.0
2013-10-09,140.0
2013-10-10,248.0
2013-10-11,324.0
2013-10-12,363.0
2013-10-13,262.0
2013-10-14,193.0
2013-10-15,10.0
2013-10-16,60.0
2013-10-17,0.0
2013-10-18,0.0
2013-10-19,0.0
2013-10-20,0.0
2013-10-21,0.0
2013-10-22,0.0
2013-10-23,0.0
2013-10-24,308.0
2013-10-25,366.0
2013-10-26,311.0
2013-10-27,5.0
2013-10-28,0.0
2013-10-29,0.0
2013-10-30,0.0
2013-10-31,0.0
2013-11-01,0.0
2013-11-02,0.0
2013-11-03,0.0
2013-11-04,0.0
2013-11-05,133.0
2013-11-06,196.0
2013-11-07,0.0
2013-11-08,22.0
2013-11-09,88.0
2013-11-10,0.0
2013-11-11,0.0
2013-11-12,0.0
2013-11-13,126.0
2013-11-14,142.0
2013-11-15,272.0
2013-11-16,394.0
2013-11-17,135.0
2013-11-18,0.0
2013-11-19,303.0
2013-11-20,175.0
2013-11-21,0.0
2013-11-22,0.0
2013-11-23,0.0
2013-11-24,0.0
2013-11-25,0.0
2013-11-26,0.0
2013-11-27,0.0
2013-11-28,189.0
2013-11-29,0.0
2013-11-30,0.0
2013-12-01,0.0
2013-12-02,0.0
2013-12-03,0.0
2013-12-04,0.0
2013-12-05,0.0
2013-12-06,0.0
2013-12-07,0.0
2013-12-08,0.0
2013-12-09,139.0
2013-12-10,258.0
2013-12-11,366.0
2013-12-12,262.0
2013-12-13,0.0
2013-12-14,0.0
2013-12-15,0.0
2013-12-16,0.0
2013-12-17,0.0
2013-12-18,0.0
2013-12-19,0.0
2013-12-20,0.0
2013-12-21,0.0
2013-12-22,0.0
2013-12-23,0.0
2013-12-24,0.0
2013-12-25,0.0
2013-12-26,132.0
2013-12-27,242.0
2013-12-28,350.0
2013-12-29,298.0
2013-12-30,0.0
2013-12-31,0.0
2014-01-01,0.0
2014-01-02,0.0
2014-01-03,0.0
2014-01-04,0.0
2014-01-05,0.0
2014-01-06,0.0
2014-01-07,0.0
2014-01-08,0.0
2014-01-09,0.0
2014-01-10,85.0
2014-01-11,208.0
2014-01-12,325.0
2014-01-13,445.0
2014-01-14,0.0
2014-01-15,56.0
2014-01-16,174.0
2014-01-17,297.0
2014-01-18,430.0
2014-01-19,80.0
2014-01-20,0.0
2014-01-21,79.0
2014-01-22,213.0
2014-01-23,338.0
2014-01-24,255.0
2014-01-25,0.0
2014-01-26,0.0
2014-01-27,0.0
2014-01-28,23.0
2014-01-29,142.0
2014-01-30,285.0
2014-01-31,437.0
2014-02-01,20.0
2014-02-02,0.0
2014-02-03,0.0
2014-02-04,0.0
2014-02-05,0.0
2014-02-06,0.0
2014-02-07,0.0
2014-02-08,0.0
2014-02-09,0.0
2014-02-10,0.0
2014-02-11,0.0
2014-02-12,0.0
2014-02-13,0.0
2014-02-14,79.0
2014-02-15,212.0
2014-02-16,372.0
2014-02-17,151.0
2014-02-18,0.0
2014-02-19,0.0
2014-02-20,0.0
2014-02-21,0.0
2014-02-22,0.0
2014-02-23,0.0
2014-02-24,0.0
2014-02-25,0.0
2014-02-26,0.0
2014-02-27,0.0
2014-02-28,0.0
2014-03-01,0.0
2014-03-02,0.0
2014-03-03,0.0
2014-03-04,0.0
2014-03-05,0.0
2014-03-06,0.0
2014-03-07,0.0
2014-03-08,6.0
2014-03-09,98.0
2014-03-10,192.0
2014-03-11,301.0
2014-03-12,57.0
2014-03-13,0.0
2014-03-14,0.0
2014-03-15,0.0
2014-03-16,0.0
2014-03-17,208.0
2014-03-18,367.0
2014-03-19,150.0
2014-03-20,0.0
2014-03-21,0.0
2014-03-22,0.0
2014-03-23,0.0
2014-03-24,0.0
2014-03-25,0.0
2014-03-26,0.0
2014-03-27,7.0
2014-03-28,71.0
2014-03-29,266.0
2014-03-30,92.0
2014-03-31,0.0
2014-04-01,0.0
2014-04-02,0.0
2014-04-03,0.0
2014-04-04,0.0
2014-04-05,0.0
2014-04-06,0.0
2014-04-07,32.0
2014-04-08,96.0
2014-04-09,108.0
2014-04-10,172.0
2014-04-11,0.0
2014-04-12,0.0
2014-04-13,0.0
2014-04-14,0.0
2014-04-15,0.0
2014-04-16,0.0
2014-04-17,0.0
2014-04-18,0.0
2014-04-19,0.0
2014-04-20,0.0
2014-04-21,0.0
2014-04-22,8.0
2014-04-23,10.0
2014-04-24,0.0
2014-04-25,11.0
2014-04-26,17.0
2014-04-27,0.0
2014-04-28,0.0
2014-04-29,0.0
2014-04-30,7.0
2014-05-01,31.0
2014-05-02,102.0
2014-05-03,38.0
2014-05-04,59.0
2014-05-05,20.0
2014-05-06,52.0
2014-05-07,166.0
2014-05-08,332.0
2014-05-09,142.0
2014-05-10,85.0
2014-05-11,208.0
2014-05-12,190.0
2014-05-13,0.0
2014-05-14,0.0
2014-05-15,0.0
2014-05-16,0.0
2014-05-17,19.0
2014-05-18,130.0
2014-05-19,237.0
2014-05-20,359.0
2014-05-21,99.0
2014-05-22,0.0
2014-05-23,0.0
2014-05-24,0.0
2014-05-25,0.0
2014-05-26,0.0
2014-05-27,0.0
2014-05-28,0.0
2014-05-29,0.0
2014-05-30,0.0
2014-05-31,134.0
2014-06-01,216.0
2014-06-02,200.0
2014-06-03,221.0
2014-06-04,438.0
2014-06-05,20.0
2014-06-06,0.0
2014-06-07,0.0
2014-06-08,0.0
2014-06-09,0.0
2014-06-10,0.0
2014-06-11,0.0
2014-06-12,203.0
2014-06-13,312.0
2014-06-14,271.0
2014-06-15,261.0
2014-06-16,0.0
2014-06-17,59.0
2014-06-18,0.0
2014-06-19,0.0
2014-06-20,0.0
2014-06-21,0.0
2014-06-22,0.0
2014-06-23,0.0
2014-06-24,0.0
2014-06-25,0.0
2014-06-26,0.0
2014-06-27,0.0
2014-06-28,0.0
2014-06-29,0.0
2014-06-30,0.0
2014-07-01,48.0
2014-07-02,43.0
2014-07-03,31.0
2014-07-04,19.0
2014-07-05,0.0
2014-07-06,0.0
2014-07-07,0.0
2014-07-08,0.0
2014-07-09,0.0
2014-07-10,10.0
2014-07-11,29.0
2014-07-12,16.0
2014-07-13,20.0
2014-07-14,0.0
2014-07-15,0.0
2014-07-16,0.0
2014-07-17,0.0
2014-07-18,0.0
2014-07-19,0.0
2014-07-20,0.0
2014-07-21,0.0
2014-07-22,71.0
2014-07-23,122.0
2014-07-24,137.0
2014-07-25,89.0
2014-07-26,0.0
2014-07-27,0.0
2014-07-28,0.0
2014-07-29,155.0
2014-07-30,312.0
2014-07-31,418.0
2014-08-01,115.0
2014-08-02,0.0
2014-08-03,0.0
2014-08-04,0.0
2014-08-05,64.0
2014-08-06,140.0
2014-08-07,147.0
2014-08-08,53.0
2014-08-09,0.0
2014-08-10,89.0
2014-08-11,38.0
2014-08-12,0.0
2014-08-13,14.0
2014-08-14,0.0
2014-08-15,88.0
2014-08-16,233.0
2014-08-17,284.0
2014-08-18,139.0
2014-08-19,64.0
2014-08-20,142.0
2014-08-21,227.0
2014-08-22,217.0
2014-08-23,116.0
2014-08-24,126.0
2014-08-25,106.0
2014-08-26,25.0
2014-08-27,28.0
2014-08-28,178.0
2014-08-29,289.0
2014-08-30,290.0
2014-08-31,0.0
2014-09-01,0.0
2014-09-02,136.0
2014-09-03,121.0
2014-09-04,31.0
2014-09-05,89.0
2014-09-06,103.0
2014-09-07,53.0
2014-09-08,0.0
2014-09-09,17.0
2014-09-10,99.0
2014-09-11,48.0
2014-09-12,0.0
2014-09-13,0.0
2014-09-14,7.0
2014-09-15,70.0
2014-09-16,97.0
2014-09-17,119.0
2014-09-18,52.0
2014-09-19,0.0
2014-09-20,50.0
2014-09-21,129.0
2014-09-22,26.0
2014-09-23,0.0
2014-09-24,0.0
2014-09-25,0.0
2014-09-26,1.0
2014-09-27,0.0
2014-09-28,0.0
2014-09-29,244.0
2014-09-30,404.0
2014-10-01,20.0
2014-10-02,0.0
2014-10-03,0.0
2014-10-04,0.0
2014-10-05,0.0
2014-10-06,0.0
2014-10-07,26.0
2014-10-08,24.0
2014-10-09,8.0
2014-10-10,49.0
2014-10-11,9.0
2014-10-12,8.0
2014-10-13,18.0
2014-10-14,0.0
2014-10-15,1.0
2014-10-16,0.0
2014-10-17,0.0
2014-10-18,0.0
2014-10-19,0.0
2014-10-20,20.0
2014-10-21,216.0
2014-10-22,187.0
2014-10-23,237.0
2014-10-24,186.0
2014-10-25,127.0
2014-10-26,0.0
2014-10-27,122.0
2014-10-28,71.0
2014-10-29,0.0
2014-10-30,15.0
2014-10-31,0.0
2014-11-01,0.0
2014-11-02,0.0
2014-11-03,0.0
2014-11-04,0.0
2014-11-05,76.0
2014-11-06,139.0
2014-11-07,214.0
2014-11-08,359.0
2014-11-09,230.0
2014-11-10,133.0
2014-11-11,45.0
2014-11-12,0.0
2014-11-13,50.0
2014-11-14,15.0
2014-11-15,98.0
2014-11-16,185.0
2014-11-17,250.0
2014-11-18,275.0
2014-11-19,290.0
2014-11-20,409.0
2014-11-21,217.0
2014-11-22,0.0
2014-11-23,0.0
2014-11-24,0.0
2014-11-25,0.0
2014-11-26,0.0
2014-11-27,1.0
2014-11-28,96.0
2014-11-29,200.0
2014-11-30,299.0
2014-12-01,406.0
2014-12-02,120.0
2014-12-03,64.0
2014-12-04,135.0
2014-12-05,216.0
2014-12-06,241.0
2014-12-07,259.0
2014-12-08,329.0
2014-12-09,418.0
2014-12-10,80.0
2014-12-11,0.0
2014-12-12,0.0
2014-12-13,0.0
2014-12-14,0.0
2014-12-15,0.0
2014-12-16,0.0
2014-12-17,0.0
2014-12-18,0.0
2014-12-19,0.0
2014-12-20,76.0
2014-12-21,180.0
2014-12-22,281.0
2014-12-23,387.0
2014-12-24,150.0
2014-12-25,0.0
2014-12-26,0.0
2014-12-27,0.0
2014-12-28,0.0
2014-12-29,0.0
2014-12-30,0.0
2014-12-31,0.0
2015-01-01,0.0
2015-01-02,0.0
2015-01-03,0.0
2015-01-04,0.0
2015-01-05,0.0
2015-01-06,68.0
2015-01-07,0.0
2015-01-08,0.0
2015-01-09,0.0
2015-01-10,0.0
2015-01-11,0.0
2015-01-12,0.0
2015-01-13,0.0
2015-01-14,0.0
2015-01-15,6.0
2015-01-16,89.0
2015-01-17,204.0
2015-01-18,332.0
2015-01-19,271.0
2015-01-20,0.0
2015-01-21,0.0
2015-01-22,0.0
2015-01-23,0.0
2015-01-24,0.0
2015-01-25,0.0
2015-01-26,0.0
2015-01-27,20.0
2015-01-28,105.0
2015-01-29,227.0
2015-01-30,362.0
2015-01-31,164.0
2015-02-01,0.0
2015-02-02,0.0
2015-02-03,15.0
2015-02-04,136.0
2015-02-05,289.0
2015-02-06,406.0
2015-02-07,100.0
2015-02-08,0.0
2015-02-09,0.0
2015-02-10,0.0
2015-02-11,0.0
2015-02-12,0.0
2015-02-13,92.0
2015-02-14,235.0
2015-02-15,382.0
2015-02-16,134.0
2015-02-17,0.0
2015-02-18,0.0
2015-02-19,0.0
2015-02-20,0.0
2015-02-21,0.0
2015-02-22,0.0
2015-02-23,0.0
2015-02-24,0.0
2015-02-25,87.0
2015-02-26,240.0
2015-02-27,397.0
2015-02-28,117.0
2015-03-01,0.0
2015-03-02,0.0
2015-03-03,0.0
2015-03-04,0.0
2015-03-05,0.0
2015-03-06,0.0
2015-03-07,0.0
2015-03-08,0.0
2015-03-09,0.0
2015-03-10,0.0
2015-03-11,82.0
2015-03-12,210.0
2015-03-13,401.0
2015-03-14,80.0
2015-03-15,0.0
2015-03-16,0.0
2015-03-17,0.0
2015-03-18,0.0
2015-03-19,50.0
2015-03-20,181.0
2015-03-21,311.0
2015-03-22,209.0
2015-03-23,0.0
2015-03-24,0.0
2015-03-25,0.0
2015-03-26,0.0
2015-03-27,0.0
2015-03-28,0.0
2015-03-29,0.0
2015-03-30,0.0
2015-03-31,79.0
2015-04-01,251.0
2015-04-02,413.0
2015-04-03,80.0
2015-04-04,0.0
2015-04-05,0.0
2015-04-06,0.0
2015-04-07,0.0
2015-04-08,0.0
2015-04-09,0.0
2015-04-10,0.0
2015-04-11,0.0
2015-04-12,0.0
2015-04-13,0.0
2015-04-14,0.0
2015-04-15,24.0
2015-04-16,19.0
2015-04-17,43.0
2015-04-18,196.0
2015-04-19,79.0
2015-04-20,148.0
2015-04-21,0.0
2015-04-22,0.0
2015-04-23,0.0
2015-04-24,0.0
2015-04-25,0.0
2015-04-26,0.0
2015-04-27,0.0
2015-04-28,0.0
2015-04-29,0.0
2015-04-30,0.0
2015-05-01,0.0
2015-05-02,0.0
2015-05-03,0.0
2015-05-04,0.0
2015-05-05,0.0
2015-05-06,0.0
2015-05-07,0.0
2015-05-08,0.0
2015-05-09,0.0
2015-05-10,0.0
2015-05-11,19.0
2015-05-12,243.0
2015-05-13,275.0
2015-05-14,0.0
2015-05-15,0.0
2015-05-16,0.0
2015-05-17,0.0
2015-05-18,0.0
2015-05-19,0.0
2015-05-20,249.0
2015-05-21,374.0
2015-05-22,436.0
2015-05-23,60.0
2015-05-24,0.0
2015-05-25,0.0
2015-05-26,0.0
2015-05-27,0.0
2015-05-28,0.0
2015-05-29,0.0
2015-05-30,0.0
2015-05-31,0.0
2015-06-01,0.0
2015-06-02,0.0
2015-06-03,0.0
2015-06-04,0.0
2015-06-05,0.0
2015-06-06,0.0
2015-06-07,0.0
2015-06-08,0.0
2015-06-09,0.0
2015-06-10,0.0
2015-06-11,0.0
2015-06-12,0.0
2015-06-13,0.0
2015-06-14,0.0
2015-06-15,0.0
2015-06-16,0.0
2015-06-17,0.0
2015-06-18,0.0
2015-06-19,5.0
2015-06-20,121.0
2015-06-21,266.0
2015-06-22,359.0
2015-06-23,114.0
2015-06-24,0.0
2015-06-25,0.0
2015-06-26,0.0
2015-06-27,0.0
2015-06-28,0.0
2015-06-29,0.0
2015-06-30,0.0
2015-07-01,90.0
2015-07-02,280.0
2015-07-03,136.0
2015-07-04,0.0
2015-07-05,0.0
2015-07-06,0.0
2015-07-07,0.0
2015-07-08,0.0
2015-07-09,0.0
2015-07-10,0.0
2015-07-11,0.0
2015-07-12,0.0
2015-07-13,0.0
2015-07-14,0.0
2015-07-15,0.0
2015-07-16,0.0
2015-07-17,0.0
2015-07-18,0.0
2015-07-19,0.0
2015-07-20,0.0
2015-07-21,0.0
2015-07-22,7.0
2015-07-23,0.0
2015-07-24,0.0
2015-07-25,0.0
2015-07-26,96.0
2015-07-27,253.0
2015-07-28,407.0
2015-07-29,80.0
2015-07-30,0.0
2015-07-31,0.0
2015-08-01,0.0
2015-08-02,0.0
2015-08-03,19.0
2015-08-04,139.0
2015-08-05,296.0
2015-08-06,243.0
2015-08-07,119.0
2015-08-08,0.0
2015-08-09,33.0
2015-08-10,92.0
2015-08-11,240.0
2015-08-12,342.0
2015-08-13,202.0
2015-08-14,0.0
2015-08-15,142.0
2015-08-16,265.0
2015-08-17,285.0
2015-08-18,120.0
2015-08-19,0.0
2015-08-20,0.0
2015-08-21,0.0
2015-08-22,0.0
2015-08-23,0.0
2015-08-24,0.0
2015-08-25,0.0
2015-08-26,0.0
2015-08-27,0.0
2015-08-28,0.0
2015-08-29,0.0
2015-08-30,0.0
2015-08-31,44.0
2015-09-01,111.0
2015-09-02,231.0
2015-09-03,359.0
2015-09-04,145.0
2015-09-05,0.0
2015-09-06,0.0
2015-09-07,0.0
2015-09-08,0.0
2015-09-09,0.0
2015-09-10,0.0
2015-09-11,0.0
2015-09-12,0.0
2015-09-13,0.0
2015-09-14,0.0
2015-09-15,11.0
2015-09-16,96.0
2015-09-17,213.0
2015-09-18,70.0
2015-09-19,10.0
2015-09-20,12.0
2015-09-21,0.0
2015-09-22,22.0
2015-09-23,128.0
2015-09-24,218.0
2015-09-25,325.0
2015-09-26,202.0
2015-09-27,0.0
2015-09-28,0.0
2015-09-29,26.0
2015-09-30,116.0
2015-10-01,125.0
2015-10-02,0.0
2015-10-03,9.0
2015-10-04,25.0
2015-10-05,105.0
2015-10-06,205.0
2015-10-07,297.0
2015-10-08,407.0
2015-10-09,100.0
2015-10-10,0.0
2015-10-11,0.0
2015-10-12,0.0
2015-10-13,0.0
2015-10-14,4.0
2015-10-15,0.0
2015-10-16,0.0
2015-10-17,0.0
2015-10-18,0.0
2015-10-19,0.0
2015-10-20,0.0
2015-10-21,11.0
2015-10-22,60.0
2015-10-23,95.0
2015-10-24,54.0
2015-10-25,40.0
2015-10-26,0.0
2015-10-27,0.0
2015-10-28,0.0
2015-10-29,0.0
2015-10-30,33.0
2015-10-31,0.0
2015-11-01,77.0
2015-11-02,96.0
2015-11-03,80.0
2015-11-04,0.0
2015-11-05,5.0
2015-11-06,0.0
2015-11-07,0.0
2015-11-08,0.0
2015-11-09,0.0
2015-11-10,7.0
2015-11-11,29.0
2015-11-12,24.0
2015-11-13,41.0
2015-11-14,63.0
2015-11-15,0.0
2015-11-16,0.0
2015-11-17,0.0
2015-11-18,0.0
2015-11-19,0.0
2015-11-20,0.0
2015-11-21,0.0
2015-11-22,17.0
2015-11-23,0.0
2015-11-24,0.0
2015-11-25,0.0
2015-11-26,0.0
2015-11-27,0.0
2015-11-28,0.0
2015-11-29,0.0
2015-11-30,0.0
2015-12-01,6.0
2015-12-02,6.0
2015-12-03,28.0
2015-12-04,26.0
2015-12-05,28.0
2015-12-06,31.0
2015-12-07,35.0
2015-12-08,35.0
2015-12-09,35.0
2015-12-10,34.0
2015-12-11,24.0
2015-12-12,20.0
2015-12-13,14.0
2015-12-14,48.0
2015-12-15,47.0
2015-12-16,59.0
2015-12-17,48.0
2015-12-18,56.0
2015-12-19,46.0
2015-12-20,26.0
2015-12-21,28.0
2015-12-22,48.0
2015-12-23,44.0
2015-12-24,32.0
2015-12-25,34.0
2015-12-26,46.0
2015-12-27,45.0
2015-12-28,46.0
2015-12-29,28.0
2015-12-30,42.0
2015-12-31,42.0
2016-01-01,16.0
2016-01-02,12.0
2016-01-03,14.0
2016-01-04,4.0
2016-01-05,4.0
2016-01-06,12.0
2016-01-07,19.0
2016-01-08,14.0
2016-01-09,12.0
2016-01-10,8.0
2016-01-11,4.0
2016-01-12,12.0
2016-01-13,45.0
2016-01-14,20.0
2016-01-15,12.0
2016-01-16,11.0
2016-01-17,12.0
2016-01-18,16.0
2016-01-19,8.0
2016-01-20,16.0
2016-01-21,20.0
2016-01-22,48.0
2016-01-23,18.0
2016-01-24,18.0
2016-01-25,22.0
2016-01-26,22.0
2016-01-27,27.0
2016-01-28,18.0
2016-01-29,16.0
2016-01-30,16.0
2016-01-31,16.0
2016-02-01,19.0
2016-02-02,14.0
2016-02-03,16.0
2016-02-04,16.0
2016-02-05,15.0
2016-02-06,2.0
2016-02-07,14.0
2016-02-08,6.0
2016-02-09,12.0
2016-02-10,4.0
2016-02-11,1.0
2016-02-12,2.0
2016-02-13,22.0
2016-02-14,18.0
2016-02-15,26.0
2016-02-16,21.0
2016-02-17,6.0
2016-02-18,16.0
2016-02-19,5.0
2016-02-20,2.0
2016-02-21,8.0
2016-02-22,8.0
2016-02-23,8.0
2016-02-24,34.0
2016-02-25,18.0
2016-02-26,20.0
2016-02-27,16.0
2016-02-28,16.0
2016-02-29,16.0
2016-03-01,16.0
2016-03-02,14.0
2016-03-03,0.0
2016-03-04,0.0
2016-03-05,2.0
2016-03-06,0.0
2016-03-07,17.0
2016-03-08,21.0
2016-03-09,8.0
2016-03-10,17.0
2016-03-11,18.0
2016-03-12,14.0
2016-03-13,14.0
2016-03-14,20.0
2016-03-15,24.0
2016-03-16,10.0
2016-03-17,14.0
2016-03-18,17.0
2016-03-19,16.0
2016-03-20,16.0
2016-03-21,24.0
2016-03-22,20.0
2016-03-23,6.0
2016-03-24,14.0
2016-03-25,14.0
2016-03-26,18.0
2016-03-27,31.0
2016-03-28,18.0
2016-03-29,20.0
2016-03-30,17.0
2016-03-31,14.0
2016-04-01,16.0
2016-04-02,12.0
2016-04-03,8.0
2016-04-04,4.0
2016-04-05,10.0
2016-04-06,16.0
2016-04-07,16.0
2016-04-08,0.0
2016-04-09,6.0
2016-04-10,15.0
2016-04-11,14.0
2016-04-12,12.0
2016-04-13,8.0
2016-04-14,0.0
2016-04-15,0.0
2016-04-16,0.0
2016-04-17,0.0
2016-04-18,0.0
2016-04-19,0.0
2016-04-20,35.0
2016-04-21,53.0
2016-04-22,56.0
2016-04-23,0.0
2016-04-24,37.0
2016-04-25,43.0
2016-04-26,28.0
2016-04-27,0.0
2016-04-28,32.0
2016-04-29,32.0
2016-04-30,18.0
2016-05-01,0.0
2016-05-02,12.0
2016-05-03,22.0
2016-05-04,22.0
2016-05-05,17.0
2016-05-06,24.0
2016-05-07,31.0
2016-05-08,31.0
2016-05-09,28.0
2016-05-10,22.0
2016-05-11,17.0
2016-05-12,19.0
2016-05-13,15.0
2016-05-14,39.0
2016-05-15,35.0
2016-05-16,11.0
2016-05-17,17.0
2016-05-18,28.0
2016-05-19,16.0
2016-05-20,14.0
2016-05-21,13.0
2016-05-22,6.0
2016-05-23,9.0
2016-05-24,6.0
2016-05-25,18.0
2016-05-26,16.0
2016-05-27,19.0
2016-05-28,16.0
2016-05-29,28.0
2016-05-30,23.0
2016-05-31,19.0
2016-06-01,29.0
2016-06-02,24.0
2016-06-03,20.0
2016-06-04,26.0
2016-06-05,24.0
2016-06-06,15.0
2016-06-07,20.0
2016-06-08,25.0
2016-06-09,14.0
2016-06-10,16.0
2016-06-11,23.0
2016-06-12,21.0
2016-06-13,20.0
2016-06-14,39.0
2016-06-15,43.0
2016-06-16,23.0
2016-06-17,21.0
2016-06-18,16.0
2016-06-19,18.0
2016-06-20,24.0
2016-06-21,26.0
2016-06-22,14.0
2016-06-23,18.0
2016-06-24,16.0
2016-06-25,40.0
2016-06-26,33.0
2016-06-27,20.0
2016-06-28,17.0
2016-06-29,26.0
2016-06-30,16.0
2016-07-01,14.0
2016-07-02,41.0
2016-07-03,37.0
2016-07-04,18.0
2016-07-05,32.0
2016-07-06,26.0
2016-07-07,17.0
2016-07-08,19.0
2016-07-09,6.0
2016-07-10,8.0
2016-07-11,11.0
2016-07-12,9.0
2016-07-13,11.0
2016-07-14,11.0
2016-07-15,26.0
2016-07-16,17.0
2016-07-17,14.0
2016-07-18,30.0
2016-07-19,34.0
2016-07-20,15.0
2016-07-21,15.0
2016-07-22,23.0
2016-07-23,39.0
2016-07-24,40.0
2016-07-25,34.0
2016-07-26,35.0
2016-07-27,14.0
2016-07-28,10.0
2016-07-29,1.0
2016-07-30,17.0
2016-07-31,21.0
2016-08-01,15.0
2016-08-02,16.0
2016-08-03,18.0
2016-08-04,18.0
2016-08-05,35.0
2016-08-06,17.0
2016-08-07,40.0
2016-08-08,14.0
2016-08-09,15.0
2016-08-10,20.0
2016-08-11,16.0
2016-08-12,21.0
2016-08-13,16.0
2016-08-14,16.0
2016-08-15,11.0
2016-08-16,9.0
2016-08-17,6.0
2016-08-18,15.0
2016-08-19,10.0
2016-08-20,18.0
2016-08-21,14.0
2016-08-22,15.0
2016-08-23,20.0
2016-08-24,13.0
2016-08-25,19.0
2016-08-26,33.0
2016-08-27,32.0
2016-08-28,31.0
2016-08-29,21.0
2016-08-30,32.0
2016-08-31,25.0
2016-09-01,23.0
2016-09-02,30.0
2016-09-03,14.0
2016-09-04,39.0
2016-09-05,52.0
2016-09-06,28.0
2016-09-07,47.0
2016-09-08,31.0
2016-09-09,46.0
2016-09-10,54.0
2016-09-11,46.0
2016-09-12,42.0
2016-09-13,39.0
2016-09-14,23.0
2016-09-15,18.0
2016-09-16,23.0
2016-09-17,30.0
2016-09-18,30.0
2016-09-19,30.0
2016-09-20,24.0
2016-09-21,24.0
2016-09-22,22.0
2016-09-23,15.0
2016-09-24,27.0
2016-09-25,24.0
2016-09-26,19.0
2016-09-27,28.0
2016-09-28,28.0
2016-09-29,22.0
2016-09-30,20.0
2016-10-01,8.0
2016-10-02,0.0
2016-10-03,8.0
2016-10-04,4.0
2016-10-05,6.0
2016-10-06,20.0
2016-10-07,13.0
2016-10-08,7.0
2016-10-09,14.0
2016-10-10,21.0
2016-10-11,18.0
2016-10-12,13.0
2016-10-13,35.0
2016-10-14,16.0
2016-10-15,20.0
2016-10-16,20.0
2016-10-17,16.0
2016-10-18,16.0
2016-10-19,13.0
2016-10-20,17.0
2016-10-21,25.0
2016-10-22,11.0
2016-10-23,20.0
2016-10-24,15.0
2016-10-25,14.0
2016-10-26,7.0
2016-10-27,18.0
2016-10-28,14.0
2016-10-29,6.0
2016-10-30,6.0
2016-10-31,9.0
2016-11-01,11.0
2016-11-02,8.0
2016-11-03,16.0
2016-11-04,13.0
2016-11-05,14.0
2016-11-06,9.0
2016-11-07,18.0
2016-11-08,15.0
2016-11-09,18.0
2016-11-10,19.0
2016-11-11,18.0
2016-11-12,9.0
2016-11-13,10.0
2016-11-14,8.0
2016-11-15,10.0
2016-11-16,15.0
2016-11-17,10.0
2016-11-18,5.0
2016-11-19,0.0
2016-11-20,8.0
2016-11-21,10.0
2016-11-22,13.0
2016-11-23,15.0
2016-11-24,10.0
2016-11-25,12.0
2016-11-26,8.0
2016-11-27,15.0
2016-11-28,18.0
2016-11-29,18.0
2016-11-30,18.0
2016-12-01,11.0
2016-12-02,13.0
2016-12-03,19.0
2016-12-04,27.0
2016-12-05,27.0
2016-12-06,27.0
2016-12-07,34.0
2016-12-08,38.0
2016-12-09,37.0
2016-12-10,38.0
2016-12-11,33.0
2016-12-12,25.0
2016-12-13,37.0
2016-12-14,38.0
2016-12-15,39.0
2016-12-16,38.0
2016-12-17,35.0
2016-12-18,35.0
2016-12-19,31.0
2016-12-20,29.0
2016-12-21,37.0
2016-12-22,34.0
2016-12-23,0.0
2016-12-24,0.0
2016-12-25,0.0
2016-12-26,5.0
2016-12-27,30.0
2016-12-28,33.0
2016-12-29,28.0
2016-12-30,29.0
2016-12-31,0.0
2017-01-01,19.0
2017-01-02,25.0
2017-01-03,29.0
2017-01-04,31.0
2017-01-05,30.0
2017-01-06,30.0
2017-01-07,29.0
2017-01-08,33.0
2017-01-09,26.0
2017-01-10,30.0
2017-01-11,33.0
2017-01-12,30.0
2017-01-13,30.0
2017-01-14,31.0
2017-01-15,30.0
2017-01-16,23.0
2017-01-17,30.0
2017-01-18,27.0
2017-01-19,27.0
2017-01-20,31.0
2017-01-21,32.0
2017-01-22,32.0
2017-01-23,26.0
2017-01-24,29.0
2017-01-25,26.0
2017-01-26,22.0
2017-01-27,26.0
2017-01-28,27.0
2017-01-29,23.0
2017-01-30,26.0
2017-01-31,23.0
2017-02-01,24.0
2017-02-02,27.0
2017-02-03,9.0
2017-02-04,17.0
2017-02-05,26.0
2017-02-06,18.0
2017-02-07,25.0
2017-02-08,28.0
2017-02-09,24.0
2017-02-10,26.0
2017-02-11,22.0
2017-02-12,21.0
2017-02-13,23.0
2017-02-14,23.0
2017-02-15,21.0
2017-02-16,26.0
2017-02-17,25.0
2017-02-18,20.0
2017-02-19,20.0
2017-02-20,20.0
2017-02-21,21.0
2017-02-22,25.0
2017-02-23,20.0
2017-02-24,21.0
2017-02-25,21.0
2017-02-26,21.0
2017-02-27,18.0
2017-02-28,20.0
2017-03-01,20.0
2017-03-02,19.0
2017-03-03,20.0
2017-03-04,22.0
2017-03-05,20.0
2017-03-06,19.0
2017-03-07,19.0
2017-03-08,22.0
2017-03-09,22.0
2017-03-10,22.0
2017-03-11,23.0
2017-03-12,23.0
2017-03-13,29.0
2017-03-14,23.0
2017-03-15,21.0
2017-03-16,22.0
2017-03-17,20.0
2017-03-18,25.0
2017-03-19,20.0
2017-03-20,22.0
2017-03-21,16.0
2017-03-22,21.0
2017-03-23,0.0
2017-03-24,0.0
2017-03-25,0.0
2017-03-26,0.0
2017-03-27,0.0
2017-03-28,0.0
2017-03-29,0.0
2017-03-30,0.0
2017-03-31,0.0
2017-04-01,0.0
2017-04-02,0.0
2017-04-03,0.0
2017-04-04,0.0
2017-04-05,0.0
2017-04-06,0.0
2017-04-07,0.0
2017-04-08,0.0
2017-04-09,0.0
2017-04-10,0.0
2017-04-11,0.0
2017-04-12,0.0
2017-04-13,0.0
2017-04-14,0.0
2017-04-15,0.0
2017-04-16,0.0
2017-04-17,0.0
2017-04-18,0.0
2017-04-19,0.0
2017-04-20,0.0
2017-04-21,0.0
2017-04-22,0.0
2017-04-23,0.0
2017-04-24,0.0
2017-04-25,0.0
2017-04-26,0.0
2017-04-27,0.0
2017-04-28,0.0
2017-04-29,0.0
2017-04-30,0.0
2017-05-01,0.0
2017-05-02,0.0
2017-05-03,0.0
2017-05-04,0.0
2017-05-05,0.0
2017-05-06,0.0
2017-05-07,0.0
2017-05-08,0.0
2017-05-09,0.0
2017-05-10,0.0
2017-05-11,0.0
2017-05-12,0.0
2017-05-13,0.0
2017-05-14,0.0
2017-05-15,0.0
2017-05-16,0.0
2017-05-17,0.0
2017-05-18,0.0
2017-05-19,0.0
2017-05-20,0.0
2017-05-21,0.0
2017-05-22,0.0
2017-05-23,0.0
2017-05-24,0.0
2017-05-25,0.0
2017-05-26,0.0
2017-05-27,0.0
2017-05-28,0.0
2017-05-29,0.0
2017-05-30,74.0
2017-05-31,0.0
2017-06-01,0.0
2017-06-02,0.0
2017-06-03,0.0
2017-06-04,0.0
2017-06-05,0.0
2017-06-06,0.0
2017-06-07,0.0
2017-06-08,0.0
2017-06-09,0.0
2017-06-10,0.0
2017-06-11,0.0
2017-06-12,0.0
2017-06-13,0.0
2017-06-14,0.0
2017-06-15,0.0
2017-06-16,0.0
2017-06-17,0.0
2017-06-18,0.0
2017-06-19,0.0
2017-06-20,0.0
2017-06-21,0.0
2017-06-22,0.0
2017-06-23,0.0
2017-06-24,0.0
2017-06-25,0.0
2017-06-26,0.0
2017-06-27,0.0
2017-06-28,0.0
2017-06-29,0.0
2017-06-30,0.0
2017-07-01,0.0
2017-07-02,0.0
2017-07-03,0.0
2017-07-04,0.0
2017-07-05,0.0
2017-07-06,0.0
2017-07-07,0.0
2017-07-08,0.0
2017-07-09,0.0
2017-07-10,0.0
2017-07-11,0.0
2017-07-12,0.0
2017-07-13,0.0
2017-07-14,0.0
2017-07-15,0.0
2017-07-16,0.0
2017-07-17,0.0
2017-07-18,0.0
2017-07-19,0.0
2017-07-20,0.0
2017-07-21,0.0
2017-07-22,0.0
2017-07-23,0.0
2017-07-24,0.0
2017-07-25,0.0
2017-07-26,0.0
2017-07-27,0.0
2017-07-28,0.0
2017-07-29,0.0
2017-07-30,0.0
2017-07-31,0.0
2017-08-01,0.0
2017-08-02,0.0
2017-08-03,0.0
2017-08-04,0.0
2017-08-05,0.0
2017-08-06,0.0
2017-08-07,0.0
2017-08-08,0.0
2017-08-09,0.0
2017-08-10,0.0
2017-08-11,0.0
2017-08-12,0.0
2017-08-13,0.0
2017-08-14,0.0
2017-08-15,0.0
2017-08-16,0.0
2017-08-17,0.0
2017-08-18,0.0
2017-08-19,0.0
2017-08-20,0.0
2017-08-21,0.0
2017-08-22,0.0
2017-08-23,0.0
2017-08-24,0.0
2017-08-25,0.0
2017-08-26,0.0
2017-08-27,0.0
2017-08-28,0.0
2017-08-29,0.0
2017-08-30,0.0
2017-08-31,0.0
2017-09-01,0.0
2017-09-02,0.0
2017-09-03,0.0
2017-09-04,0.0
2017-09-05,0.0
2017-09-06,0.0
2017-09-07,0.0
2017-09-08,0.0
2017-09-09,0.0
2017-09-10,0.0
2017-09-11,0.0
2017-09-12,0.0
2017-09-13,0.0
2017-09-14,0.0
2017-09-15,0.0
2017-09-16,0.0
2017-09-17,0.0
2017-09-18,0.0
2017-09-19,0.0
2017-09-20,0.0
2017-09-21,0.0
2017-09-22,0.0
2017-09-23,0.0
2017-09-24,0.0
2017-09-25,0.0
2017-09-26,0.0
2017-09-27,0.0
2017-09-28,0.0
2017-09-29,0.0
2017-09-30,0.0
2017-10-01,0.0
2017-10-02,0.0
2017-10-03,0.0
2017-10-04,0.0
2017-10-05,0.0
2017-10-06,0.0
2017-10-07,0.0
2017-10-08,0.0
2017-10-09,0.0
2017-10-10,0.0
2017-10-11,0.0
2017-10-12,0.0
2017-10-13,0.0
2017-10-14,0.0
2017-10-15,0.0
2017-10-16,0.0
2017-10-17,0.0
2017-10-18,0.0
2017-10-19,0.0
2017-10-20,0.0
2017-10-21,0.0
2017-10-22,0.0
2017-10-23,0.0
2017-10-24,0.0
2017-10-25,0.0
2017-10-26,0.0
2017-10-27,0.0
2017-10-28,0.0
2017-10-29,0.0
2017-10-30,0.0
2017-10-31,0.0
2017-11-01,0.0
2017-11-02,0.0
2017-11-03,0.0
2017-11-04,0.0
2017-11-05,0.0
2017-11-06,0.0
2017-11-07,0.0
2017-11-08,0.0
2017-11-09,0.0
2017-11-10,0.0
2017-11-11,0.0
2017-11-12,0.0
2017-11-13,0.0
2017-11-14,0.0
2017-11-15,0.0
2017-11-16,0.0
2017-11-17,0.0
2017-11-18,0.0
2017-11-19,0.0
2017-11-20,0.0
2017-11-21,0.0
2017-11-22,0.0
2017-11-23,0.0
2017-11-24,0.0
2017-11-25,0.0
2017-11-26,0.0
2017-11-27,0.0
2017-11-28,0.0
2017-11-29,0.0
2017-11-30,0.0
2017-12-01,0.0
2017-12-02,0.0
2017-12-03,0.0
2017-12-04,0.0
2017-12-05,0.0
2017-12-06,0.0
2017-12-07,0.0
2017-12-08,0.0
2017-12-09,0.0
2017-12-10,0.0
2017-12-11,0.0
2017-12-12,0.0
2017-12-13,0.0
2017-12-14,0.0
2017-12-15,0.0
2017-12-16,0.0
2017-12-17,20.0
2017-12-18,33.0
2017-12-19,44.0
2017-12-20,14.0
2017-12-21,0.0
2017-12-22,0.0
2017-12-23,0.0
2017-12-24,0.0
2017-12-25,0.0
2017-12-26,0.0
2017-12-27,0.0
2017-12-28,172.0
2017-12-29,166.0
2017-12-30,213.0
2017-12-31,194.0
2018-01-01,181.0
2018-01-02,245.0
2018-01-03,24.0
2018-01-04,0.0
2018-01-05,0.0
2018-01-06,0.0
2018-01-07,0.0
2018-01-08,0.0
2018-01-09,0.0
2018-01-10,0.0
2018-01-11,0.0
2018-01-12,0.0
2018-01-13,0.0
2018-01-14,0.0
2018-01-15,0.0
2018-01-16,0.0
2018-01-17,18.0
2018-01-18,0.0
2018-01-19,0.0
2018-01-20,0.0
2018-01-21,0.0
2018-01-22,0.0
2018-01-23,0.0
2018-01-24,0.0
2018-01-25,0.0
2018-01-26,0.0
2018-01-27,0.0
2018-01-28,0.0
2018-01-29,0.0
2018-01-30,0.0
2018-01-31,0.0
2018-02-01,0.0
2018-02-02,56.0
2018-02-03,51.0
2018-02-04,56.0
2018-02-05,54.0
2018-02-06,39.0
2018-02-07,0.0
2018-02-08,0.0
2018-02-09,0.0
2018-02-10,0.0
2018-02-11,0.0
2018-02-12,0.0
2018-02-13,0.0
2018-02-14,0.0
2018-02-15,0.0
2018-02-16,0.0
2018-02-17,0.0
2018-02-18,0.0
2018-02-19,0.0
2018-02-20,0.0
2018-02-21,0.0
2018-02-22,0.0
2018-02-23,0.0
2018-02-24,0.0
2018-02-25,0.0
2018-02-26,0.0
2018-02-27,0.0
2018-02-28,0.0
2018-03-01,0.0
2018-03-02,0.0
2018-03-03,0.0
2018-03-04,19.0
2018-03-05,0.0
2018-03-06,0.0
2018-03-07,0.0
2018-03-08,0.0
2018-03-09,0.0
2018-03-10,0.0
2018-03-11,0.0
2018-03-12,0.0
2018-03-13,0.0
2018-03-14,0.0
2018-03-15,0.0
2018-03-16,0.0
2018-03-17,35.0
2018-03-18,32.0
2018-03-19,80.0
2018-03-20,42.0
2018-03-21,46.0
2018-03-22,52.0
2018-03-23,68.0
2018-03-24,32.0
2018-03-25,44.0
2018-03-26,47.0
2018-03-27,48.0
2018-03-28,130.0
2018-03-29,147.0
2018-03-30,154.0
2018-03-31,157.0
2018-04-01,122.0
2018-04-02,95.0
2018-04-03,5.0
2018-04-04,0.0
2018-04-05,0.0
2018-04-06,0.0
2018-04-07,0.0
2018-04-08,0.0
2018-04-09,0.0
2018-04-10,0.0
2018-04-11,0.0
2018-04-12,0.0
2018-04-13,0.0
2018-04-14,0.0
2018-04-15,0.0
2018-04-16,0.0
2018-04-17,0.0
2018-04-18,0.0
2018-04-19,0.0
2018-04-20,0.0
2018-04-21,0.0
2018-04-22,0.0
2018-04-23,0.0
2018-04-24,0.0
2018-04-25,0.0
2018-04-26,0.0
2018-04-27,0.0
2018-04-28,20.0
2018-04-29,0.0
2018-04-30,0.0
2018-05-01,0.0
2018-05-02,0.0
2018-05-03,29.0
2018-05-04,20.0
2018-05-05,41.0
2018-05-06,19.0
2018-05-07,1.0
2018-05-08,17.0
2018-05-09,0.0
2018-05-10,0.0
2018-05-11,0.0
2018-05-12,0.0
2018-05-13,0.0
2018-05-14,0.0
2018-05-15,0.0
2018-05-16,0.0
2018-05-17,0.0
2018-05-18,0.0
2018-05-19,0.0
2018-05-20,0.0
2018-05-21,0.0
2018-05-22,0.0
2018-05-23,0.0
2018-05-24,0.0
2018-05-25,0.0
2018-05-26,0.0
2018-05-27,0.0
2018-05-28,0.0
2018-05-29,0.0
2018-05-30,0.0
2018-05-31,0.0
2018-06-01,0.0
2018-06-02,0.0
2018-06-03,0.0
2018-06-04,0.0
2018-06-05,0.0
2018-06-06,0.0
2018-06-07,0.0
2018-06-08,0.0
2018-06-09,0.0
2018-06-10,0.0
2018-06-11,0.0
2018-06-12,0.0
2018-06-13,0.0
2018-06-14,0.0
2018-06-15,0.0
2018-06-16,0.0
2018-06-17,0.0
2018-06-18,0.0
2018-06-19,0.0
2018-06-20,0.0
2018-06-21,0.0
2018-06-22,0.0
2018-06-23,0.0
2018-06-24,0.0
2018-06-25,0.0
2018-06-26,0.0
2018-06-27,0.0
2018-06-28,0.0
2018-06-29,0.0
2018-06-30,0.0
2018-07-01,0.0
2018-07-02,0.0
2018-07-03,0.0
2018-07-04,0.0
2018-07-05,0.0
2018-07-06,0.0
2018-07-07,0.0
2018-07-08,0.0
2018-07-09,0.0
2018-07-10,0.0
2018-07-11,0.0
2018-07-12,0.0
2018-07-13,0.0
2018-07-14,0.0
2018-07-15,0.0
2018-07-16,0.0
2018-07-17,0.0
2018-07-18,0.0
2018-07-19,0.0
2018-07-20,0.0
2018-07-21,0.0
2018-07-22,0.0
2018-07-23,0.0
2018-07-24,0.0
2018-07-25,15.0
2018-07-26,19.0
2018-07-27,0.0
2018-07-28,0.0
2018-07-29,0.0
2018-07-30,0.0
2018-07-31,0.0
2018-08-01,0.0
2018-08-02,0.0
2018-08-03,0.0
2018-08-04,0.0
2018-08-05,0.0
2018-08-06,0.0
2018-08-07,0.0
2018-08-08,0.0
2018-08-09,0.0
2018-08-10,0.0
2018-08-11,0.0
2018-08-12,0.0
2018-08-13,19.0
2018-08-14,0.0
2018-08-15,0.0
2018-08-16,0.0
2018-08-17,0.0
2018-08-18,0.0
2018-08-19,0.0
2018-08-20,0.0
2018-08-21,0.0
2018-08-22,0.0
2018-08-23,0.0
2018-08-24,0.0
2018-08-25,0.0
2018-08-26,0.0
2018-08-27,0.0
2018-08-28,0.0
2018-08-29,0.0
2018-08-30,0.0
2018-08-31,0.0
2018-09-01,0.0
2018-09-02,0.0
2018-09-03,0.0
2018-09-04,0.0
2018-09-05,0.0
2018-09-06,599.0
2018-09-07,2004.0
2018-09-08,1990.0
2018-09-09,1975.0
2018-09-10,1926.0
2018-09-11,1884.0
2018-09-12,1676.0
2018-09-13,0.0
2018-09-14,0.0
2018-09-15,0.0
2018-09-16,0.0
2018-09-17,0.0
2018-09-18,698.0
2018-09-19,2312.0
2018-09-20,2263.0
2018-09-21,2222.0
2018-09-22,2223.0
2018-09-23,2171.0
2018-09-24,2154.0
2018-09-25,2175.0
2018-09-26,2132.0
2018-09-27,2129.0
2018-09-28,2042.0
2018-09-29,2007.0
2018-09-30,2014.0
2018-10-01,2093.0
2018-10-02,2209.0
2018-10-03,2429.0
2018-10-04,2469.0
2018-10-05,2465.0
2018-10-06,2529.0
2018-10-07,2469.0
2018-10-08,2471.0
2018-10-09,2517.0
2018-10-10,2076.0
2018-10-11,2366.0
2018-10-12,1321.0
2018-10-13,0.0
2018-10-14,600.0
2018-10-15,2308.0
2018-10-16,2289.0
2018-10-17,2248.0
2018-10-18,2271.0
2018-10-19,2217.0
2018-10-20,2221.0
2018-10-21,2381.0
2018-10-22,2515.0
2018-10-23,2495.0
2018-10-24,2075.0
2018-10-25,2038.0
2018-10-26,217.0
2018-10-27,1322.0
2018-10-28,1877.0
2018-10-29,1854.0
2018-10-30,1827.0
2018-10-31,1789.0
2018-11-01,1725.0
2018-11-02,1737.0
2018-11-03,1757.0
2018-11-04,1685.0
2018-11-05,1920.0
2018-11-06,1961.0
2018-11-07,1900.0
2018-11-08,1860.0
2018-11-09,1778.0
2018-11-10,1749.0
2018-11-11,1697.0
2018-11-12,1610.0
2018-11-13,1602.0
2018-11-14,1537.0
2018-11-15,1509.0
2018-11-16,1439.0
2018-11-17,1402.0
2018-11-18,1365.0
2018-11-19,1294.0
2018-11-20,1235.0
2018-11-21,1198.0
2018-11-22,1161.0
2018-11-23,1118.0
2018-11-24,1067.0
2018-11-25,1004.0
2018-11-26,955.0
2018-11-27,912.0
2018-11-28,906.0
2018-11-29,856.0
2018-11-30,786.0
2018-12-01,747.0
2018-12-02,668.0
2018-12-03,632.0
2018-12-04,1938.0
2018-12-05,2028.0
2018-12-06,1967.0
2018-12-07,1907.0
2018-12-08,1827.0
2018-12-09,1787.0
2018-12-10,1732.0
2018-12-11,1683.0
2018-12-12,1615.0
2018-12-13,1570.0
2018-12-14,1510.0
2018-12-15,1433.0
2018-12-16,1385.0
2018-12-17,1333.0
2018-12-18,2046.0
2018-12-19,2061.0
2018-12-20,1996.0
2018-12-21,1994.0
2018-12-22,1919.0
2018-12-23,1844.0
2018-12-24,1795.0
2018-12-25,1749.0
2018-12-26,1685.0
2018-12-27,1625.0
2018-12-28,1576.0
2018-12-29,1490.0
2018-12-30,1446.0
2018-12-31,1388.0
2019-01-01,1333.0
2019-01-02,1270.0
2019-01-03,1215.0
2019-01-04,1151.0
2019-01-05,1093.0
2019-01-06,1044.0
2019-01-07,982.0
2019-01-08,941.0
2019-01-09,847.0
2019-01-10,807.0
2019-01-11,778.0
2019-01-12,713.0
2019-01-13,628.0
2019-01-14,574.0
2019-01-15,486.0
2019-01-16,398.0
2019-01-17,374.0
2019-01-18,330.0
2019-01-19,282.0
2019-01-20,254.0
2019-01-21,190.0
2019-01-22,174.0
2019-01-23,123.0
2019-01-24,122.0
2019-01-25,112.0
2019-01-26,91.0
2019-01-27,140.0
2019-01-28,189.0
2019-01-29,115.0
2019-01-30,207.0
2019-01-31,145.0
2019-02-01,158.0
2019-02-02,200.0
2019-02-03,209.0
2019-02-04,192.0
2019-02-05,2185.0
2019-02-06,2161.0
2019-02-07,2069.0
2019-02-08,1931.0
2019-02-09,1932.0
2019-02-10,1868.0
2019-02-11,1787.0
2019-02-12,1729.0
2019-02-13,1655.0
2019-02-14,1582.0
2019-02-15,1523.0
2019-02-16,1446.0
2019-02-17,1379.0
2019-02-18,1319.0
2019-02-19,1217.0
2019-02-20,1201.0
2019-02-21,1114.0
2019-02-22,1043.0
2019-02-23,958.0
2019-02-24,915.0
2019-02-25,792.0
2019-02-26,2296.0
2019-02-27,2175.0
2019-02-28,2084.0
2019-03-01,1991.0
2019-03-02,1872.0
2019-03-03,1802.0
2019-03-04,1716.0
2019-03-05,1654.0
2019-03-06,1539.0
2019-03-07,1478.0
2019-03-08,1410.0
2019-03-09,1294.0
2019-03-10,1245.0
2019-03-11,1153.0
2019-03-12,1060.0
2019-03-13,997.0
2019-03-14,901.0
2019-03-15,826.0
2019-03-16,745.0
2019-03-17,665.0
2019-03-18,567.0
2019-03-19,522.0
2019-03-20,456.0
2019-03-21,347.0
2019-03-22,306.0
2019-03-23,235.0
2019-03-24,224.0
2019-03-25,130.0
2019-03-26,53.0
2019-03-27,-37.0
2019-03-28,-88.0
2019-03-29,-152.0
2019-03-30,-176.0
2019-03-31,27.0
2019-04-01,101.0
2019-04-02,182.0
2019-04-03,167.0
2019-04-04,131.0
2019-04-05,141.0
2019-04-06,123.0
2019-04-07,101.0
2019-04-08,163.0
2019-04-09,131.0
2019-04-10,135.0
2019-04-11,195.0
2019-04-12,93.0
2019-04-13,206.0
2019-04-14,166.0
2019-04-15,118.0
2019-04-16,176.0
2019-04-17,140.0
2019-04-18,65.0
2019-04-19,141.0
2019-04-20,197.0
2019-04-21,138.0
2019-04-22,178.0
2019-04-23,186.0
2019-04-24,106.0
2019-04-25,82.0
2019-04-26,132.0
2019-04-27,28.0
2019-04-28,-53.0
2019-04-29,2183.0
2019-04-30,2421.0
2019-05-01,2339.0
2019-05-02,2240.0
2019-05-03,2185.0
2019-05-04,2107.0
2019-05-05,1986.0
2019-05-06,1898.0
2019-05-07,1795.0
2019-05-08,1784.0
2019-05-09,1720.0
2019-05-10,1801.0
2019-05-11,1813.0
2019-05-12,1772.0
2019-05-13,1701.0
2019-05-14,1680.0
2019-05-15,1679.0
2019-05-16,1614.0
2019-05-17,1624.0
2019-05-18,1751.0
2019-05-19,1943.0
2019-05-20,1971.0
2019-05-21,1862.0
2019-05-22,1793.0
2019-05-23,1757.0
2019-05-24,1746.0
2019-05-25,1674.0
2019-05-26,1861.0
2019-05-27,1898.0
2019-05-28,1869.0
2019-05-29,2149.0
2019-05-30,2196.0
2019-05-31,2207.0
2019-06-01,2205.0
2019-06-02,2197.0
2019-06-03,2186.0
2019-06-04,2108.0
2019-06-05,2057.0
2019-06-06,1951.0
2019-06-07,2015.0
2019-06-08,2001.0
2019-06-09,1996.0
2019-06-10,2018.0
2019-06-11,2080.0
2019-06-12,2041.0
2019-06-13,1963.0
2019-06-14,1907.0
2019-06-15,1810.0
2019-06-16,1756.0
2019-06-17,1709.0
2019-06-18,1673.0
2019-06-19,1606.0
2019-06-20,1568.0
2019-06-21,1441.0
2019-06-22,926.0
2019-06-23,915.0
2019-06-24,820.0
2019-06-25,787.0
2019-06-26,1803.0
2019-06-27,0.0
2019-06-28,0.0
2019-06-29,0.0
2019-06-30,0.0
2019-07-01,0.0
2019-07-02,0.0
2019-07-03,1229.0
2019-07-04,1700.0
2019-07-05,1612.0
2019-07-06,1547.0
2019-07-07,1522.0
2019-07-08,1636.0
2019-07-09,1653.0
2019-07-10,1611.0
2019-07-11,1521.0
2019-07-12,1502.0
2019-07-13,1414.0
2019-07-14,1441.0
2019-07-15,1354.0
2019-07-16,1241.0
2019-07-17,1189.0
2019-07-18,1150.0
2019-07-19,1073.0
2019-07-20,979.0
2019-07-21,881.0
2019-07-22,893.0
2019-07-23,848.0
2019-07-24,1192.0
2019-07-25,1243.0
2019-07-26,1197.0
2019-07-27,1171.0
2019-07-28,1060.0
2019-07-29,997.0
2019-07-30,964.0
2019-07-31,919.0
2019-08-01,830.0
2019-08-02,767.0
2019-08-03,706.0
2019-08-04,677.0
2019-08-05,580.0
2019-08-06,557.0
2019-08-07,569.0
2019-08-08,497.0
2019-08-09,405.0
2019-08-10,389.0
2019-08-11,333.0
2019-08-12,223.0
2019-08-13,202.0
2019-08-14,1733.0
2019-08-15,2225.0
2019-08-16,2407.0
2019-08-17,2398.0
2019-08-18,2353.0
2019-08-19,2269.0
2019-08-20,2236.0
2019-08-21,2159.0
2019-08-22,2087.0
2019-08-23,2009.0
2019-08-24,1967.0
2019-08-25,1787.0
2019-08-26,1786.0
2019-08-27,1716.0
2019-08-28,1576.0
2019-08-29,1592.0
2019-08-30,1536.0
2019-08-31,1543.0
2019-09-01,1435.0
2019-09-02,1488.0
2019-09-03,1466.0
2019-09-04,1396.0
2019-09-05,1362.0
2019-09-06,1202.0
2019-09-07,1228.0
2019-09-08,1169.0
2019-09-09,1152.0
2019-09-10,1010.0
2019-09-11,929.0
2019-09-12,891.0
2019-09-13,850.0
2019-09-14,818.0
2019-09-15,777.0
2019-09-16,744.0
2019-09-17,770.0
2019-09-18,1270.0
2019-09-19,1886.0
2019-09-20,1836.0
2019-09-21,1949.0
2019-09-22,1903.0
2019-09-23,2216.0
2019-09-24,2382.0
2019-09-25,2235.0
2019-09-26,1717.0
2019-09-27,1395.0
2019-09-28,1339.0
2019-09-29,1324.0
2019-09-30,2119.0
2019-10-01,2412.0
2019-10-02,2407.0
2019-10-03,2408.0
2019-10-04,2444.0
2019-10-05,2414.0
2019-10-06,2378.0
2019-10-07,2380.0
2019-10-08,2386.0
2019-10-09,2408.0
2019-10-10,2407.0
2019-10-11,2434.0
2019-10-12,2395.0
2019-10-13,2398.0
2019-10-14,2367.0
2019-10-15,2300.0
2019-10-16,2346.0
2019-10-17,2357.0
2019-10-18,2412.0
2019-10-19,2469.0
2019-10-20,2403.0
2019-10-21,2457.0
2019-10-22,2441.0
2019-10-23,2412.0
2019-10-24,2399.0
2019-10-25,2377.0
2019-10-26,2325.0
2019-10-27,2307.0
2019-10-28,2290.0
2019-10-29,2267.0
2019-10-30,2162.0
2019-10-31,2041.0
2019-11-01,2019.0
2019-11-02,1983.0
2019-11-03,1925.0
2019-11-04,1873.0
2019-11-05,1823.0
2019-11-06,1793.0
2019-11-07,1711.0
2019-11-08,1665.0
2019-11-09,1636.0
2019-11-10,1666.0
2019-11-11,1667.0
2019-11-12,1604.0
2019-11-13,1721.0
2019-11-14,1741.0
2019-11-15,1043.0
2019-11-16,926.0
2019-11-17,1654.0
2019-11-18,1593.0
2019-11-19,1426.0
2019-11-20,1553.0
2019-11-21,1463.0
2019-11-22,1287.0
2019-11-23,1239.0
2019-11-24,1173.0
2019-11-25,1129.0
2019-11-26,1207.0
2019-11-27,1152.0
2019-11-28,1119.0
2019-11-29,1085.0
2019-11-30,1048.0
2019-12-01,1004.0
2019-12-02,937.0
2019-12-03,859.0
2019-12-04,861.0
2019-12-05,798.0
2019-12-06,768.0
2019-12-07,707.0
2019-12-08,656.0
2019-12-09,571.0
2019-12-10,530.0
2019-12-11,487.0
2019-12-12,403.0
2019-12-13,396.0
2019-12-14,317.0
2019-12-15,287.0
2019-12-16,218.0
2019-12-17,175.0
2019-12-18,141.0
2019-12-19,103.0
2019-12-20,71.0
2019-12-21,56.0
2019-12-22,73.0
2019-12-23,93.0
2019-12-24,87.0
2019-12-25,83.0
2019-12-26,80.0
2019-12-27,82.0
2019-12-28,137.0
2019-12-29,166.0
2019-12-30,144.0
2019-12-31,158.0
2020-01-01,218.0
2020-01-02,164.0
2020-01-03,209.0
2020-01-04,231.0
2020-01-05,268.0
2020-01-06,278.0
2020-01-07,253.0
2020-01-08,219.0
2020-01-09,238.0
2020-01-10,272.0
2020-01-11,241.0
2020-01-12,242.0
2020-01-13,244.0
2020-01-14,199.0
2020-01-15,211.0
2020-01-16,171.0
2020-01-17,188.0
2020-01-18,209.0
2020-01-19,165.0
2020-01-20,194.0
2020-01-21,119.0
2020-01-22,131.0
2020-01-23,190.0
2020-01-24,174.0
2020-01-25,215.0
2020-01-26,161.0
2020-01-27,206.0
2020-01-28,143.0
2020-01-29,165.0
2020-01-30,209.0
2020-01-31,181.0
2020-02-01,212.0
2020-02-02,168.0
2020-02-03,197.0
2020-02-04,2290.0
2020-02-05,2270.0
2020-02-06,1887.0
2020-02-07,2093.0
2020-02-08,2010.0
2020-02-09,1950.0
2020-02-10,1860.0
2020-02-11,1774.0
2020-02-12,1725.0
2020-02-13,1646.0
2020-02-14,1582.0
2020-02-15,1490.0
2020-02-16,1425.0
2020-02-17,1355.0
2020-02-18,1282.0
2020-02-19,1213.0
2020-02-20,1124.0
2020-02-21,1056.0
2020-02-22,1005.0
2020-02-23,913.0
2020-02-24,840.0
2020-02-25,748.0
2020-02-26,680.0
2020-02-27,615.0
2020-02-28,537.0
2020-02-29,458.0
2020-03-01,384.0
2020-03-02,306.0
2020-03-03,251.0
2020-03-04,188.0
2020-03-05,128.0
2020-03-06,60.0
2020-03-07,6.0
2020-03-08,7.0
2020-03-09,-46.0
2020-03-10,83.0
2020-03-11,92.0
2020-03-12,132.0
2020-03-13,182.0
2020-03-14,251.0
2020-03-15,216.0
2020-03-16,239.0
2020-03-17,254.0
2020-03-18,255.0
2020-03-19,304.0
2020-03-20,190.0
2020-03-21,199.0
2020-03-22,229.0
2020-03-23,200.0
2020-03-24,216.0
2020-03-25,201.0
2020-03-26,206.0
2020-03-27,186.0
2020-03-28,230.0
2020-03-29,232.0
2020-03-30,208.0
2020-03-31,199.0
2020-04-01,217.0
2020-04-02,221.0
2020-04-03,192.0
2020-04-04,219.0
2020-04-05,185.0
2020-04-06,248.0
2020-04-07,212.0
2020-04-08,233.0
2020-04-09,169.0
2020-04-10,237.0
2020-04-11,178.0
2020-04-12,239.0
2020-04-13,242.0
2020-04-14,235.0
2020-04-15,170.0
2020-04-16,193.0
2020-04-17,190.0
2020-04-18,182.0
2020-04-19,174.0
2020-04-20,192.0
2020-04-21,181.0
2020-04-22,208.0
2020-04-23,144.0
2020-04-24,229.0
2020-04-25,186.0
2020-04-26,211.0
2020-04-27,217.0
2020-04-28,185.0
2020-04-29,188.0
2020-04-30,183.0
2020-05-01,135.0
2020-05-02,204.0
2020-05-03,161.0
2020-05-04,128.0
2020-05-05,149.0
2020-05-06,127.0
2020-05-07,221.0
2020-05-08,107.0
2020-05-09,0.0
2020-05-10,16.0
2020-05-11,276.0
2020-05-12,108.0
2020-05-13,221.0
2020-05-14,271.0
2020-05-15,207.0
2020-05-16,163.0
2020-05-17,187.0
2020-05-18,226.0
2020-05-19,162.0
2020-05-20,-3.0
2020-05-21,159.0
2020-05-22,577.0
2020-05-23,595.0
2020-05-24,663.0
2020-05-25,704.0
2020-05-26,610.0
2020-05-27,566.0
2020-05-28,506.0
2020-05-29,1216.0
2020-05-30,1583.0
2020-05-31,1635.0
2020-06-01,1590.0
2020-06-02,1724.0
2020-06-03,1696.0
2020-06-04,1647.0
2020-06-05,1581.0
2020-06-06,1534.0
2020-06-07,1506.0
2020-06-08,1462.0
2020-06-09,1408.0
2020-06-10,1349.0
2020-06-11,1296.0
2020-06-12,1215.0
2020-06-13,1167.0
2020-06-14,1146.0
2020-06-15,1112.0
2020-06-16,1082.0
2020-06-17,1151.0
2020-06-18,1157.0
2020-06-19,1091.0
2020-06-20,1052.0
2020-06-21,979.0
2020-06-22,908.0
2020-06-23,848.0
2020-06-24,776.0
2020-06-25,713.0
2020-06-26,670.0
2020-06-27,648.0
2020-06-28,758.0
2020-06-29,799.0
2020-06-30,749.0
2020-07-01,703.0
2020-07-02,971.0
2020-07-03,1102.0
2020-07-04,1152.0
2020-07-05,1164.0
2020-07-06,1130.0
2020-07-07,1083.0
2020-07-08,1132.0
2020-07-09,1099.0
2020-07-10,1058.0
2020-07-11,1381.0
2020-07-12,1521.0
2020-07-13,1496.0
2020-07-14,2433.0
2020-07-15,2235.0
2020-07-16,2153.0
2020-07-17,2023.0
2020-07-18,1946.0
2020-07-19,1846.0
2020-07-20,1750.0
2020-07-21,2210.0
2020-07-22,2268.0
2020-07-23,2199.0
2020-07-24,2413.0
2020-07-25,2420.0
2020-07-26,2430.0
2020-07-27,2308.0
2020-07-28,2204.0
2020-07-29,2098.0
2020-07-30,2125.0
2020-07-31,2217.0
2020-08-01,2097.0
2020-08-02,2131.0
2020-08-03,2052.0
2020-08-04,2040.0
2020-08-05,1996.0
2020-08-06,1939.0
2020-08-07,1884.0
2020-08-08,1860.0
2020-08-09,1795.0
2020-08-10,1786.0
2020-08-11,1739.0
2020-08-12,1654.0
2020-08-13,1627.0
2020-08-14,1556.0
2020-08-15,1504.0
2020-08-16,1487.0
2020-08-17,1732.0
2020-08-18,1888.0
2020-08-19,1930.0
2020-08-20,2229.0
2020-08-21,2350.0
2020-08-22,2380.0
2020-08-23,2374.0
2020-08-24,2384.0
2020-08-25,2395.0
2020-08-26,2402.0
2020-08-27,2418.0
2020-08-28,2374.0
2020-08-29,2351.0
2020-08-30,2299.0
2020-08-31,2303.0
2020-09-01,2253.0
2020-09-02,2390.0
2020-09-03,2321.0
2020-09-04,2334.0
2020-09-05,2265.0
2020-09-06,2249.0
2020-09-07,2441.0
2020-09-08,2395.0
2020-09-09,2413.0
2020-09-10,2339.0
2020-09-11,2314.0
2020-09-12,2301.0
2020-09-13,2305.0
2020-09-14,2248.0
2020-09-15,2342.0
2020-09-16,2417.0
2020-09-17,2369.0
2020-09-18,2291.0
2020-09-19,2366.0
2020-09-20,2354.0
2020-09-21,0.0
2020-09-22,0.0
2020-09-23,0.0
2020-09-24,0.0
2020-09-25,0.0
2020-09-26,0.0
2020-09-27,0.0
2020-09-28,0.0
2020-09-29,0.0
2020-09-30,0.0
2020-10-01,0.0
2020-10-02,0.0
2020-10-03,0.0
2020-10-04,0.0
2020-10-05,0.0
2020-10-06,0.0
2020-10-07,0.0
2020-10-08,0.0
2020-10-09,0.0
2020-10-10,0.0
2020-10-11,0.0
2020-10-12,0.0
2020-10-13,0.0
2020-10-14,0.0
2020-10-15,0.0
2020-10-16,0.0
2020-10-17,0.0
2020-10-18,0.0
2020-10-19,0.0
2020-10-20,0.0
2020-10-21,0.0
2020-10-22,0.0
2020-10-23,0.0
2020-10-24,0.0
2020-10-25,0.0
2020-10-26,0.0
2020-10-27,0.0
2020-10-28,0.0
2020-10-29,0.0
2020-10-30,0.0
2020-10-31,0.0
2020-11-01,0.0
2020-11-02,0.0
2020-11-03,0.0
2020-11-04,0.0
2020-11-05,0.0
2020-11-06,0.0
2020-11-07,0.0
2020-11-08,0.0
2020-11-09,0.0
2020-11-10,0.0
2020-11-11,0.0
2020-11-12,0.0
2020-11-13,0.0
2020-11-14,0.0
2020-11-15,0.0
2020-11-16,0.0
2020-11-17,0.0
2020-11-18,0.0
2020-11-19,0.0
2020-11-20,0.0
2020-11-21,0.0
2020-11-22,0.0
2020-11-23,0.0
2020-11-24,0.0
2020-11-25,0.0
2020-11-26,0.0
2020-11-27,0.0
2020-11-28,0.0
2020-11-29,0.0
2020-11-30,0.0
2020-12-01,0.0
2020-12-02,0.0
2020-12-03,0.0
2020-12-04,0.0
2020-12-05,0.0
2020-12-06,0.0
2020-12-07,0.0
2020-12-08,0.0
2020-12-09,0.0
2020-12-10,0.0
2020-12-11,0.0
2020-12-12,0.0
2020-12-13,0.0
2020-12-14,0.0
2020-12-15,0.0
2020-12-16,0.0
2020-12-17,0.0
2020-12-18,0.0
2020-12-19,0.0
2020-12-20,0.0
2020-12-21,0.0
2020-12-22,0.0
2020-12-23,0.0
2020-12-24,0.0
2020-12-25,0.0
2020-12-26,0.0
2020-12-27,0.0
2020-12-28,0.0
2020-12-29,0.0
2020-12-30,0.0
2020-12-31,0.0
2021-01-01,0.0
2021-01-02,0.0
2021-01-03,0.0
2021-01-04,0.0
2021-01-05,0.0
2021-01-06,0.0
2021-01-07,0.0
2021-01-08,0.0
2021-01-09,0.0
2021-01-10,0.0
2021-01-11,0.0
2021-01-12,0.0
2021-01-13,0.0
2021-01-14,0.0
2021-01-15,0.0
2021-01-16,0.0
2021-01-17,0.0
2021-01-18,0.0
2021-01-19,0.0
2021-01-20,0.0
2021-01-21,0.0
2021-01-22,0.0
2021-01-23,0.0
2021-01-24,0.0
2021-01-25,0.0
2021-01-26,0.0
2021-01-27,0.0
2021-01-28,0.0
2021-01-29,0.0
2021-01-30,0.0
2021-01-31,0.0
2021-02-01,0.0
2021-02-02,0.0
2021-02-03,0.0
2021-02-04,0.0
2021-02-05,0.0
2021-02-06,0.0
2021-02-07,0.0
2021-02-08,0.0
2021-02-09,0.0
2021-02-10,0.0
2021-02-11,0.0
2021-02-12,0.0
2021-02-13,0.0
2021-02-14,0.0
2021-02-15,0.0
2021-02-16,0.0
2021-02-17,0.0
2021-02-18,0.0
2021-02-19,0.0
2021-02-20,0.0
2021-02-21,0.0
2021-02-22,0.0
2021-02-23,0.0
2021-02-24,0.0
2021-02-25,0.0
2021-02-26,0.0
2021-02-27,0.0
2021-02-28,0.0
2021-03-01,0.0
2021-03-02,0.0
2021-03-03,0.0
2021-03-04,0.0
2021-03-05,0.0
2021-03-06,0.0
2021-03-07,0.0
2021-03-08,0.0
2021-03-09,0.0
2021-03-10,0.0
2021-03-11,0.0
2021-03-12,0.0
2021-03-13,0.0
2021-03-14,0.0
2021-03-15,0.0
2021-03-16,0.0
2021-03-17,0.0
2021-03-18,0.0
2021-03-19,0.0
2021-03-20,0.0
2021-03-21,0.0
2021-03-22,0.0
2021-03-23,0.0
2021-03-24,0.0
2021-03-25,0.0
2021-03-26,0.0
2021-03-27,0.0
2021-03-28,0.0
2021-03-29,0.0
2021-03-30,0.0
2021-03-31,0.0
2021-04-01,0.0
2021-04-02,0.0
2021-04-03,0.0
2021-04-04,0.0
2021-04-05,0.0
2021-04-06,0.0
2021-04-07,0.0
2021-04-08,0.0
2021-04-09,0.0
2021-04-10,0.0
2021-04-11,0.0
2021-04-12,0.0
2021-04-13,0.0
2021-04-14,0.0
2021-04-15,0.0
2021-04-16,0.0
2021-04-17,0.0
2021-04-18,0.0
2021-04-19,0.0
2021-04-20,0.0
2021-04-21,0.0
2021-04-22,0.0
2021-04-23,0.0
2021-04-24,0.0
2021-04-25,0.0
2021-04-26,0.0
2021-04-27,0.0
2021-04-28,1118.0
2021-04-29,1264.0
2021-04-30,1335.0
2021-05-01,1243.0
2021-05-02,1157.0
2021-05-03,1166.0
2021-05-04,1145.0
2021-05-05,1076.0
2021-05-06,998.0
2021-05-07,856.0
2021-05-08,1562.0
2021-05-09,1495.0
2021-05-10,1463.0
2021-05-11,1391.0
2021-05-12,368.0
2021-05-13,0.0
2021-05-14,406.0
2021-05-15,1009.0
2021-05-16,600.0
2021-05-17,0.0
2021-05-18,0.0
2021-05-19,0.0
2021-05-20,0.0
2021-05-21,0.0
2021-05-22,0.0
2021-05-23,0.0
2021-05-24,0.0
2021-05-25,0.0
2021-05-26,0.0
2021-05-27,0.0
2021-05-28,0.0
2021-05-29,0.0
2021-05-30,0.0
2021-05-31,0.0
2021-06-01,0.0
2021-06-02,0.0
2021-06-03,0.0
2021-06-04,0.0
2021-06-05,0.0
2021-06-06,0.0
2021-06-07,0.0
2021-06-08,0.0
2021-06-09,0.0
2021-06-10,0.0
2021-06-11,0.0
2021-06-12,0.0
2021-06-13,0.0
2021-06-14,708.0
2021-06-15,1530.0
2021-06-16,0.0
2021-06-17,0.0
2021-06-18,0.0
2021-06-19,0.0
2021-06-20,0.0
2021-06-21,0.0
2021-06-22,0.0
2021-06-23,0.0
2021-06-24,0.0
2021-06-25,0.0
2021-06-26,0.0
2021-06-27,0.0
2021-06-28,0.0
2021-06-29,0.0
2021-06-30,0.0
2021-07-01,0.0
2021-07-02,0.0
2021-07-03,0.0
2021-07-04,0.0
2021-07-05,0.0
2021-07-06,0.0
2021-07-07,0.0
2021-07-08,0.0
2021-07-09,187.0
2021-07-10,0.0
2021-07-11,0.0
2021-07-12,840.0
2021-07-13,2274.0
2021-07-14,1553.0
2021-07-15,0.0
2021-07-16,0.0
2021-07-17,0.0
2021-07-18,0.0
2021-07-19,0.0
2021-07-20,0.0
2021-07-21,0.0
2021-07-22,0.0
2021-07-23,0.0
2021-07-24,0.0
2021-07-25,0.0
2021-07-26,775.0
2021-07-27,2450.0
2021-07-28,2404.0
2021-07-29,2409.0
2021-07-30,2344.0
2021-07-31,2275.0
2021-08-01,2216.0
2021-08-02,2142.0
2021-08-03,2097.0
2021-08-04,2042.0
2021-08-05,1942.0
2021-08-06,1848.0
2021-08-07,1911.0
2021-08-08,1923.0
2021-08-09,1897.0
2021-08-10,1816.0
2021-08-11,1844.0
2021-08-12,1750.0
2021-08-13,2047.0
2021-08-14,2369.0
2021-08-15,2315.0
2021-08-16,2349.0
2021-08-17,2388.0
2021-08-18,2374.0
2021-08-19,2425.0
2021-08-20,2399.0
2021-08-21,2405.0
2021-08-22,2389.0
2021-08-23,1425.0
2021-08-24,1369.0
2021-08-25,0.0
2021-08-26,0.0
2021-08-27,0.0
2021-08-28,0.0
2021-08-29,786.0
2021-08-30,2433.0
2021-08-31,2392.0
2021-09-01,2380.0
2021-09-02,2330.0
2021-09-03,2290.0
2021-09-04,2243.0
2021-09-05,2299.0
2021-09-06,2271.0
2021-09-07,2265.0
2021-09-08,2218.0
2021-09-09,2217.0
2021-09-10,2137.0
2021-09-11,2119.0
2021-09-12,2281.0
2021-09-13,2306.0
2021-09-14,2270.0
2021-09-15,2253.0
2021-09-16,2212.0
2021-09-17,2155.0
2021-09-18,2130.0
2021-09-19,2128.0
2021-09-20,2100.0
2021-09-21,2051.0
2021-09-22,2219.0
2021-09-23,2241.0
2021-09-24,2170.0
2021-09-25,2240.0
2021-09-26,2181.0
2021-09-27,2025.0
2021-09-28,2331.0
2021-09-29,2361.0
2021-09-30,2360.0
2021-10-01,2393.0
2021-10-02,2335.0
2021-10-03,2302.0
2021-10-04,2281.0
2021-10-05,2290.0
2021-10-06,2323.0
2021-10-07,2221.0
2021-10-08,2192.0
2021-10-09,2253.0
2021-10-10,2196.0
2021-10-11,2204.0
2021-10-12,2344.0
2021-10-13,2190.0
2021-10-14,2294.0
2021-10-15,2292.0
2021-10-16,2365.0
2021-10-17,2407.0
2021-10-18,2228.0
2021-10-19,2327.0
2021-10-20,2388.0
2021-10-21,2400.0
2021-10-22,2335.0
2021-10-23,2374.0
2021-10-24,2365.0
2021-10-25,2344.0
2021-10-26,2307.0
2021-10-27,2327.0
2021-10-28,2402.0
2021-10-29,2385.0
2021-10-30,2349.0
2021-10-31,2393.0
2021-11-01,2389.0
2021-11-02,2323.0
2021-11-03,2400.0
2021-11-04,2386.0
2021-11-05,2363.0
2021-11-06,2322.0
2021-11-07,2273.0
2021-11-08,2221.0
2021-11-09,2203.0
2021-11-10,2144.0
2021-11-11,2114.0
2021-11-12,1969.0
2021-11-13,1997.0
2021-11-14,1947.0
2021-11-15,1854.0
2021-11-16,1713.0
2021-11-17,1734.0
2021-11-18,1662.0
2021-11-19,1595.0
2021-11-20,1543.0
2021-11-21,1529.0
2021-11-22,1532.0
2021-11-23,1539.0
2021-11-24,1553.0
2021-11-25,1469.0
2021-11-26,1618.0
2021-11-27,1607.0
2021-11-28,1548.0
2021-11-29,1496.0
2021-11-30,1467.0
2021-12-01,1358.0
2021-12-02,1256.0
2021-12-03,1194.0
2021-12-04,1135.0
2021-12-05,1103.0
2021-12-06,1027.0
2021-12-07,948.0
2021-12-08,895.0
2021-12-09,855.0
2021-12-10,791.0
2021-12-11,749.0
2021-12-12,702.0
2021-12-13,645.0
2021-12-14,563.0
2021-12-15,1145.0
2021-12-16,1312.0
2021-12-17,1259.0
2021-12-18,1179.0
2021-12-19,1041.0
2021-12-20,1008.0
2021-12-21,961.0
2021-12-22,892.0
2021-12-23,823.0
2021-12-24,773.0
2021-12-25,717.0
2021-12-26,638.0
2021-12-27,1870.0
2021-12-28,2120.0
2021-12-29,2013.0
2021-12-30,1963.0
2021-12-31,1847.0
