<?xml version="1.0" encoding="UTF-8"?>
<metadata xml:lang="es"><Esri><CreaDate>20220628</CreaDate><CreaTime>15201100</CreaTime><ArcGISFormat>1.0</ArcGISFormat><SyncOnce>FALSE</SyncOnce><DataProperties><lineage><Process ToolSource="c:\program files (x86)\arcgis\desktop10.5\ArcToolbox\Toolboxes\Conversion Tools.tbx\FeatureClassToFeatureClass" Date="20220624" Time="160405">FeatureClassToFeatureClass CNEIDEAM_Layer D:\dhime\CNE2019\CNE.gdb CNEIDEAM # "OBJECTID "OBJECTID" true true false 8 Double 6 15 ,First,#,CNEIDEAM_Layer,OBJECTID,-1,-1;CODIGO "CODIGO" true true false 255 Text 0 0 ,First,#,CNEIDEAM_Layer,CODIGO,-1,-1;nombre "nombre" true true false 255 Text 0 0 ,First,#,CNEIDEAM_Layer,nombre,-1,-1;CATEGORIA "CATEGORIA" true true false 255 Text 0 0 ,First,#,CNEIDEAM_Layer,CATEGORIA,-1,-1;TECNOLOGIA "TECNOLOGIA" true true false 255 Text 0 0 ,First,#,CNEIDEAM_Layer,TECNOLOGIA,-1,-1;ESTADO "ESTADO" true true false 255 Text 0 0 ,First,#,CNEIDEAM_Layer,ESTADO,-1,-1;FECHA_INSTALACION "FECHA_INSTALACION" true true false 8 Date 0 0 ,First,#,CNEIDEAM_Layer,FECHA_INSTALACION,-1,-1;altitud "altitud" true true false 8 Double 6 15 ,First,#,CNEIDEAM_Layer,altitud,-1,-1;latitud "latitud" true true false 8 Double 6 15 ,First,#,CNEIDEAM_Layer,latitud,-1,-1;longitud "longitud" true true false 8 Double 6 15 ,First,#,CNEIDEAM_Layer,longitud,-1,-1;DEPARTAMENTO "DEPARTAMENTO" true true false 255 Text 0 0 ,First,#,CNEIDEAM_Layer,DEPARTAMENTO,-1,-1;MUNICIPIO "MUNICIPIO" true true false 255 Text 0 0 ,First,#,CNEIDEAM_Layer,MUNICIPIO,-1,-1;AREA_OPERATIVA "AREA_OPERATIVA" true true false 255 Text 0 0 ,First,#,CNEIDEAM_Layer,AREA_OPERATIVA,-1,-1;AREA_HIDROGRAFICA "AREA_HIDROGRAFICA" true true false 255 Text 0 0 ,First,#,CNEIDEAM_Layer,AREA_HIDROGRAFICA,-1,-1;ZONA_HIDROGRAFICA "ZONA_HIDROGRAFICA" true true false 255 Text 0 0 ,First,#,CNEIDEAM_Layer,ZONA_HIDROGRAFICA,-1,-1;ENTIDAD "ENTIDAD" true true false 255 Text 0 0 ,First,#,CNEIDEAM_Layer,ENTIDAD,-1,-1;CORRIENTE "CORRIENTE" true true false 255 Text 0 0 ,First,#,CNEIDEAM_Layer,CORRIENTE,-1,-1;FECHA_SUSPENSION "FECHA_SUSPENSION" true true false 8 Date 0 0 ,First,#,CNEIDEAM_Layer,FECHA_SUSPENSION,-1,-1;SUBZONA_HIDROGRAFICA "SUBZONA_HIDROGRAFICA" true true false 255 Text 0 0 ,First,#,CNEIDEAM_Layer,SUBZONA_HIDROGRAFICA,-1,-1" #</Process><Process ToolSource="c:\program files (x86)\arcgis\desktop10.5\ArcToolbox\Toolboxes\Analysis Tools.tbx\Clip" Date="20220624" Time="160414">Clip CNE_IDEAM CNE_IDEAM C:\Users\acasas\AppData\Local\Temp\zipfolder383\CNE_IDEAM.shp #</Process><Process ToolSource="c:\program files (x86)\arcgis\desktop10.2\ArcToolbox\Toolboxes\Data Management Tools.tbx\CalculateField" Date="20220628" Time="152347">CalculateField CNE_IDEAM_ZE LAnoSerie "[FECHA_INST]- [FECHA_SUSP]" VB #</Process><Process ToolSource="c:\program files (x86)\arcgis\desktop10.2\ArcToolbox\Toolboxes\Data Management Tools.tbx\CalculateField" Date="20220628" Time="152412">CalculateField CNE_IDEAM_ZE LAnoSerie [FECHA_SUSP]-[FECHA_INST] VB #</Process><Process ToolSource="c:\program files (x86)\arcgis\desktop10.2\ArcToolbox\Toolboxes\Data Management Tools.tbx\CalculateField" Date="20220628" Time="152441">CalculateField CNE_IDEAM_ZE LAnoSerie ([FECHA_SUSP]-[FECHA_INST])/365 VB #</Process><Process ToolSource="c:\program files (x86)\arcgis\desktop10.2\ArcToolbox\Toolboxes\Data Management Tools.tbx\CalculateField" Date="20220628" Time="152541">CalculateField CNE_IDEAM_ZE LAnoSerie ([FECHA_SUSP]-[FECHA_INST])/365 VB #</Process><Process ToolSource="c:\program files (x86)\arcgis\desktop10.2\ArcToolbox\Toolboxes\Data Management Tools.tbx\CalculateField" Date="20220628" Time="153202">CalculateField CNE_IDEAM_ZE LAnoSerie 0 VB #</Process><Process ToolSource="c:\program files (x86)\arcgis\desktop10.2\ArcToolbox\Toolboxes\Data Management Tools.tbx\CalculateField" Date="20220628" Time="154227">CalculateField CNE_IDEAM_ZE LAnoSerie ([FECHA_SUSP]- [FECHA_INST])/365 VB #</Process><Process ToolSource="c:\program files (x86)\arcgis\desktop10.2\ArcToolbox\Toolboxes\Data Management Tools.tbx\CalculateField" Date="20220628" Time="155505">CalculateField CNE_IDEAM_ZE LAnoSerie 0 VB #</Process><Process ToolSource="c:\program files (x86)\arcgis\desktop10.2\ArcToolbox\Toolboxes\Data Management Tools.tbx\CalculateField" Date="20220628" Time="160033">CalculateField CNE_IDEAM_ZE LAnoSerie long_annos_serie( !FECHA_INST!, !FECHA_SUSP!) PYTHON_9.3 "def long_annos_serie(fecha_instalacion, fecha_suspension):\n    if fecha_suspension:\n        return 1\n    else:\n        return 0"</Process><Process ToolSource="c:\program files (x86)\arcgis\desktop10.2\ArcToolbox\Toolboxes\Data Management Tools.tbx\CalculateField" Date="20220628" Time="160246">CalculateField CNE_IDEAM_ZE LAnoSerie long_annos_serie( !FECHA_INST!, !FECHA_SUSP!) PYTHON_9.3 "import datetime\ndef long_annos_serie(fecha_instalacion, fecha_suspension):\n    if fecha_suspension:\n        return 1\n    else:\n        return 0"</Process><Process ToolSource="c:\program files (x86)\arcgis\desktop10.2\ArcToolbox\Toolboxes\Data Management Tools.tbx\CalculateField" Date="20220629" Time="063637">CalculateField CNE_IDEAM_ZE LAnoSerie long_annos_serie( !FECHA_INST!, !FECHA_SUSP!) PYTHON_9.3 "from datetime import datetime\ndef long_annos_serie(fecha_instalacion, fecha_suspension):\n    if fecha_suspension:\n        diff_date = datetime.strptime(fecha_suspension, '%Y-%m-%d') - datetime.strptime(fecha_instalacion, '%Y-%m-%d')\n    else:\n        diff_date = datetime.strptime('2021-12-31', '%Y-%m-%d') - datetime.strptime(fecha_instalacion, '%Y-%m-%d')\n    return diff_date.days/365"</Process><Process ToolSource="c:\program files (x86)\arcgis\desktop10.2\ArcToolbox\Toolboxes\Data Management Tools.tbx\CalculateField" Date="20220629" Time="063749">CalculateField CNE_IDEAM_ZE LAnoSerie long_annos_serie( !FECHA_INST!, !FECHA_SUSP!) PYTHON_9.3 "from datetime import datetime\ndef long_annos_serie(fecha_instalacion, fecha_suspension):\n    if fecha_suspension:\n        diff_date = datetime.strptime(fecha_suspension, '%Y-%m-%d') - datetime.strptime(fecha_instalacion, '%Y-%m-%d')\n    else:\n        diff_date = datetime.strptime('2021-12-31', '%Y-%m-%d') - datetime.strptime(fecha_instalacion, '%Y-%m-%d')\n    return float(diff_date.days)/365"</Process><Process ToolSource="c:\program files (x86)\arcgis\desktop10.2\ArcToolbox\Toolboxes\Data Management Tools.tbx\CalculateField" Date="20220629" Time="064042">CalculateField CNE_IDEAM_ZE LAnoSerie long_annos_serie( !FECHA_INST!, !FECHA_SUSP!) PYTHON_9.3 "from datetime import datetime\ndef long_annos_serie(fecha_instalacion, fecha_suspension):\n    if fecha_suspension:\n        diff_date = datetime.strptime(fecha_suspension, '%Y-%m-%d') - datetime.strptime(fecha_instalacion, '%Y-%m-%d')\n    else:\n        diff_date = datetime.strptime('2021-12-31', '%Y-%m-%d') - datetime.strptime(fecha_instalacion, '%Y-%m-%d')\n    return float(diff_date.days)/365"</Process><Process ToolSource="c:\program files (x86)\arcgis\desktop10.2\ArcToolbox\Toolboxes\Data Management Tools.tbx\CalculateField" Date="20220701" Time="093545">CalculateField CNE_IDEAM_ZE LAnoSerie long_annos_serie(!FECHA_INST!, !FECHA_SUSP!)[0] PYTHON_9.3 "from datetime import datetime\ndate_start_cut = '1980-01-01'\ndate_end_cut = '2021-12-31' \ndef long_annos_serie(install_date, suspension_date):\n    if suspension_date:\n        diff_date = datetime.strptime(suspension_date, '%Y-%m-%d') - datetime.strptime(install_date, '%Y-%m-%d')\n    else:\n        diff_date = datetime.strptime(date_end_cut, '%Y-%m-%d') - datetime.strptime(install_date, '%Y-%m-%d')\n    return float(diff_date.days)/365, 100"</Process><Process ToolSource="c:\program files (x86)\arcgis\desktop10.2\ArcToolbox\Toolboxes\Data Management Tools.tbx\CalculateField" Date="20220701" Time="093556">CalculateField CNE_IDEAM_ZE LAnoSerie long_annos_serie(!FECHA_INST!, !FECHA_SUSP!)[1] PYTHON_9.3 "from datetime import datetime\ndate_start_cut = '1980-01-01'\ndate_end_cut = '2021-12-31' \ndef long_annos_serie(install_date, suspension_date):\n    if suspension_date:\n        diff_date = datetime.strptime(suspension_date, '%Y-%m-%d') - datetime.strptime(install_date, '%Y-%m-%d')\n    else:\n        diff_date = datetime.strptime(date_end_cut, '%Y-%m-%d') - datetime.strptime(install_date, '%Y-%m-%d')\n    return float(diff_date.days)/365, 100"</Process><Process ToolSource="c:\program files (x86)\arcgis\desktop10.2\ArcToolbox\Toolboxes\Data Management Tools.tbx\CalculateField" Date="20220701" Time="093610">CalculateField CNE_IDEAM_ZE LAnoSerie long_annos_serie(!FECHA_INST!, !FECHA_SUSP!)[1] PYTHON_9.3 "from datetime import datetime\ndate_start_cut = '1980-01-01'\ndate_end_cut = '2021-12-31' \ndef long_annos_serie(install_date, suspension_date):\n    if suspension_date:\n        diff_date = datetime.strptime(suspension_date, '%Y-%m-%d') - datetime.strptime(install_date, '%Y-%m-%d')\n    else:\n        diff_date = datetime.strptime(date_end_cut, '%Y-%m-%d') - datetime.strptime(install_date, '%Y-%m-%d')\n    return float(diff_date.days)/365, 100"</Process><Process ToolSource="c:\program files (x86)\arcgis\desktop10.2\ArcToolbox\Toolboxes\Data Management Tools.tbx\CalculateField" Date="20220701" Time="093625">CalculateField CNE_IDEAM_ZE LAnoSerie long_annos_serie(!FECHA_INST!, !FECHA_SUSP!)[0] PYTHON_9.3 "from datetime import datetime\ndate_start_cut = '1980-01-01'\ndate_end_cut = '2021-12-31' \ndef long_annos_serie(install_date, suspension_date):\n    if suspension_date:\n        diff_date = datetime.strptime(suspension_date, '%Y-%m-%d') - datetime.strptime(install_date, '%Y-%m-%d')\n    else:\n        diff_date = datetime.strptime(date_end_cut, '%Y-%m-%d') - datetime.strptime(install_date, '%Y-%m-%d')\n    return float(diff_date.days)/365, 100"</Process><Process ToolSource="c:\program files (x86)\arcgis\desktop10.2\ArcToolbox\Toolboxes\Data Management Tools.tbx\CalculateField" Date="20220701" Time="161014">CalculateField CNE_IDEAM_ZE LAnoSerie 0 VB #</Process><Process ToolSource="c:\program files (x86)\arcgis\desktop10.2\ArcToolbox\Toolboxes\Data Management Tools.tbx\CalculateField" Date="20220701" Time="161030">CalculateField CNE_IDEAM_ZE LAnoSerie 0 PYTHON_9.3 "tw_start_date = ''\ntw_end_date = '2021-12-31'\nif not tw_start_date: tw_start_date = '1900-01-01'\nif not tw_end_date: tw_end_date = str(datetime.today().date())\ndef len_years_serie(installation_date, suspension_date):\n    if installation_date:\n        if datetime.strptime(installation_date, '%Y-%m-%d') &lt;= datetime.strptime(tw_start_date, '%Y-%m-%d'):\n            tw_installation_date = tw_start_date\n        else:\n            tw_installation_date = installation_date\n        if suspension_date:\n            if datetime.strptime(suspension_date, '%Y-%m-%d') &gt;= datetime.strptime(tw_end_date, '%Y-%m-%d'):\n                tw_suspension_date = tw_end_date\n            else:\n                tw_suspension_date = suspension_date\n            diff_date = datetime.strptime(suspension_date, '%Y-%m-%d') - datetime.strptime(installation_date, '%Y-%m-%d')\n            tw_diff_date = datetime.strptime(tw_suspension_date, '%Y-%m-%d') - datetime.strptime(tw_installation_date, '%Y-%m-%d')\n        else:\n            diff_date = datetime.strptime(tw_end_date, '%Y-%m-%d') - datetime.strptime(installation_date, '%Y-%m-%d')\n            tw_diff_date = datetime.strptime(tw_end_date, '%Y-%m-%d') - datetime.strptime(tw_installation_date, '%Y-%m-%d')\n        diff_date = float(diff_date.days)/365\n        tw_diff_date = float(tw_diff_date.days)/365\n        if diff_date &lt; 0: diff_date = 0\n        if tw_diff_date &lt; 0: tw_diff_date = 0\n    else:\n        diff_date = 0\n        tw_diff_date = 0\n    return diff_date, tw_diff_date"</Process><Process ToolSource="c:\program files (x86)\arcgis\desktop10.2\ArcToolbox\Toolboxes\Data Management Tools.tbx\CalculateField" Date="20220701" Time="161428">CalculateField CNE_IDEAM_ZE LAnoSerie len_years_serie( !FECHA_INST! , !FECHA_SUSP!) PYTHON_9.3 "from datetime import datetime\ntw_start_date = ''\ntw_end_date = '2021-12-31'\nif not tw_start_date: tw_start_date = '1900-01-01'\nif not tw_end_date: tw_end_date = str(datetime.today().date())\ndef len_years_serie(installation_date, suspension_date):\n    if installation_date:\n        if datetime.strptime(installation_date, '%Y-%m-%d') &lt;= datetime.strptime(tw_start_date, '%Y-%m-%d'):\n            tw_installation_date = tw_start_date\n        else:\n            tw_installation_date = installation_date\n        if suspension_date:\n            if datetime.strptime(suspension_date, '%Y-%m-%d') &gt;= datetime.strptime(tw_end_date, '%Y-%m-%d'):\n                tw_suspension_date = tw_end_date\n            else:\n                tw_suspension_date = suspension_date\n            diff_date = datetime.strptime(suspension_date, '%Y-%m-%d') - datetime.strptime(installation_date, '%Y-%m-%d')\n            tw_diff_date = datetime.strptime(tw_suspension_date, '%Y-%m-%d') - datetime.strptime(tw_installation_date, '%Y-%m-%d')\n        else:\n            diff_date = datetime.strptime(tw_end_date, '%Y-%m-%d') - datetime.strptime(installation_date, '%Y-%m-%d')\n            tw_diff_date = datetime.strptime(tw_end_date, '%Y-%m-%d') - datetime.strptime(tw_installation_date, '%Y-%m-%d')\n        diff_date = float(diff_date.days)/365\n        tw_diff_date = float(tw_diff_date.days)/365\n        if diff_date &lt; 0: diff_date = 0\n        if tw_diff_date &lt; 0: tw_diff_date = 0\n    else:\n        diff_date = 0\n        tw_diff_date = 0\n    return diff_date"</Process><Process ToolSource="c:\program files (x86)\arcgis\desktop10.2\ArcToolbox\Toolboxes\Data Management Tools.tbx\CalculateField" Date="20220701" Time="161715">CalculateField CNE_IDEAM_ZE LAnoSerie len_years_serie( !FECHA_INST! , !FECHA_SUSP!) PYTHON_9.3 "from datetime import datetime\ntw_end_date = '2021-12-31' # Time window end\ndef len_years_serie(installation_date, suspension_date):\n    if suspension_date:\n        diff_date = datetime.strptime(suspension_date, '%Y-%m-%d') - datetime.strptime(installation_date, '%Y-%m-%d')\n    else:\n        diff_date = datetime.strptime(tw_end_date, '%Y-%m-%d') - datetime.strptime(installation_date, '%Y-%m-%d')\n    return float(diff_date.days)/365"</Process><Process ToolSource="c:\program files (x86)\arcgis\desktop10.2\ArcToolbox\Toolboxes\Data Management Tools.tbx\CalculateField" Date="20220701" Time="161826">CalculateField CNE_IDEAM_ZE LAnoSerieT len_years_serie( !FECHA_INST! , !FECHA_SUSP!) PYTHON_9.3 "from datetime import datetime\ntw_end_date = '2021-12-31' # Time window end\ndef len_years_serie(installation_date, suspension_date):\n    if suspension_date:\n        diff_date = datetime.strptime(suspension_date, '%Y-%m-%d') - datetime.strptime(installation_date, '%Y-%m-%d')\n    else:\n        diff_date = datetime.strptime(tw_end_date, '%Y-%m-%d') - datetime.strptime(installation_date, '%Y-%m-%d')\n    return float(diff_date.days)/365"</Process><Process ToolSource="c:\program files (x86)\arcgis\desktop10.2\ArcToolbox\Toolboxes\Data Management Tools.tbx\CalculateField" Date="20220701" Time="161859">CalculateField CNE_IDEAM_ZE LAnoSerie len_years_serie( !FECHA_INST! , !FECHA_SUSP!)[0] PYTHON_9.3 "from datetime import datetime\ntw_start_date = '' # Time-window start. Use '' for set 1900-01-01\ntw_end_date = '2021-12-31' # Time-window end. Use '' for use the current date and prevent over-time wrong suspension dates\nif not tw_start_date: tw_start_date = '1900-01-01'\nif not tw_end_date: tw_end_date = str(datetime.today().date())\ndef len_years_serie(installation_date, suspension_date):\n    if installation_date:\n        if datetime.strptime(installation_date, '%Y-%m-%d') &lt;= datetime.strptime(tw_start_date, '%Y-%m-%d'):\n            tw_installation_date = tw_start_date\n        else:\n            tw_installation_date = installation_date\n        if suspension_date:\n            if datetime.strptime(suspension_date, '%Y-%m-%d') &gt;= datetime.strptime(tw_end_date, '%Y-%m-%d'):\n                tw_suspension_date = tw_end_date\n            else:\n                tw_suspension_date = suspension_date\n            diff_date = datetime.strptime(suspension_date, '%Y-%m-%d') - datetime.strptime(installation_date, '%Y-%m-%d')\n            tw_diff_date = datetime.strptime(tw_suspension_date, '%Y-%m-%d') - datetime.strptime(tw_installation_date, '%Y-%m-%d')\n        else:\n            diff_date = datetime.strptime(tw_end_date, '%Y-%m-%d') - datetime.strptime(installation_date, '%Y-%m-%d')\n            tw_diff_date = datetime.strptime(tw_end_date, '%Y-%m-%d') - datetime.strptime(tw_installation_date, '%Y-%m-%d')\n        diff_date = float(diff_date.days)/365\n        tw_diff_date = float(tw_diff_date.days)/365\n        if diff_date &lt; 0: diff_date = 0\n        if tw_diff_date &lt; 0: tw_diff_date = 0\n    else:\n        diff_date = 0\n        tw_diff_date = 0\n    return diff_date, tw_diff_date # First value is complete length. Second value is time window length"</Process><Process ToolSource="c:\program files (x86)\arcgis\desktop10.2\ArcToolbox\Toolboxes\Data Management Tools.tbx\CalculateField" Date="20220701" Time="161912">CalculateField CNE_IDEAM_ZE LAnoSerieT len_years_serie( !FECHA_INST! , !FECHA_SUSP!)[1] PYTHON_9.3 "from datetime import datetime\ntw_start_date = '' # Time-window start. Use '' for set 1900-01-01\ntw_end_date = '2021-12-31' # Time-window end. Use '' for use the current date and prevent over-time wrong suspension dates\nif not tw_start_date: tw_start_date = '1900-01-01'\nif not tw_end_date: tw_end_date = str(datetime.today().date())\ndef len_years_serie(installation_date, suspension_date):\n    if installation_date:\n        if datetime.strptime(installation_date, '%Y-%m-%d') &lt;= datetime.strptime(tw_start_date, '%Y-%m-%d'):\n            tw_installation_date = tw_start_date\n        else:\n            tw_installation_date = installation_date\n        if suspension_date:\n            if datetime.strptime(suspension_date, '%Y-%m-%d') &gt;= datetime.strptime(tw_end_date, '%Y-%m-%d'):\n                tw_suspension_date = tw_end_date\n            else:\n                tw_suspension_date = suspension_date\n            diff_date = datetime.strptime(suspension_date, '%Y-%m-%d') - datetime.strptime(installation_date, '%Y-%m-%d')\n            tw_diff_date = datetime.strptime(tw_suspension_date, '%Y-%m-%d') - datetime.strptime(tw_installation_date, '%Y-%m-%d')\n        else:\n            diff_date = datetime.strptime(tw_end_date, '%Y-%m-%d') - datetime.strptime(installation_date, '%Y-%m-%d')\n            tw_diff_date = datetime.strptime(tw_end_date, '%Y-%m-%d') - datetime.strptime(tw_installation_date, '%Y-%m-%d')\n        diff_date = float(diff_date.days)/365\n        tw_diff_date = float(tw_diff_date.days)/365\n        if diff_date &lt; 0: diff_date = 0\n        if tw_diff_date &lt; 0: tw_diff_date = 0\n    else:\n        diff_date = 0\n        tw_diff_date = 0\n    return diff_date, tw_diff_date # First value is complete length. Second value is time window length"</Process><Process ToolSource="c:\program files (x86)\arcgis\desktop10.2\ArcToolbox\Toolboxes\Data Management Tools.tbx\CalculateField" Date="20220701" Time="161942">CalculateField CNE_IDEAM_ZE LAnoSerieT len_years_serie( !FECHA_INST! , !FECHA_SUSP!)[1] PYTHON_9.3 "from datetime import datetime\ntw_start_date = '1980-01-01' # Time-window start. Use '' for set 1900-01-01\ntw_end_date = '2021-12-31' # Time-window end. Use '' for use the current date and prevent over-time wrong suspension dates\nif not tw_start_date: tw_start_date = '1900-01-01'\nif not tw_end_date: tw_end_date = str(datetime.today().date())\ndef len_years_serie(installation_date, suspension_date):\n    if installation_date:\n        if datetime.strptime(installation_date, '%Y-%m-%d') &lt;= datetime.strptime(tw_start_date, '%Y-%m-%d'):\n            tw_installation_date = tw_start_date\n        else:\n            tw_installation_date = installation_date\n        if suspension_date:\n            if datetime.strptime(suspension_date, '%Y-%m-%d') &gt;= datetime.strptime(tw_end_date, '%Y-%m-%d'):\n                tw_suspension_date = tw_end_date\n            else:\n                tw_suspension_date = suspension_date\n            diff_date = datetime.strptime(suspension_date, '%Y-%m-%d') - datetime.strptime(installation_date, '%Y-%m-%d')\n            tw_diff_date = datetime.strptime(tw_suspension_date, '%Y-%m-%d') - datetime.strptime(tw_installation_date, '%Y-%m-%d')\n        else:\n            diff_date = datetime.strptime(tw_end_date, '%Y-%m-%d') - datetime.strptime(installation_date, '%Y-%m-%d')\n            tw_diff_date = datetime.strptime(tw_end_date, '%Y-%m-%d') - datetime.strptime(tw_installation_date, '%Y-%m-%d')\n        diff_date = float(diff_date.days)/365\n        tw_diff_date = float(tw_diff_date.days)/365\n        if diff_date &lt; 0: diff_date = 0\n        if tw_diff_date &lt; 0: tw_diff_date = 0\n    else:\n        diff_date = 0\n        tw_diff_date = 0\n    return diff_date, tw_diff_date # First value is complete length. Second value is time window length"</Process><Process ToolSource="c:\program files (x86)\arcgis\desktop10.2\ArcToolbox\Toolboxes\Data Management Tools.tbx\CalculateField" Date="20220701" Time="163104">CalculateField CNE_IDEAM_ZE LYearS ([FECHA_SUSP]-[FECHA_INST])/365 VB #</Process><Process ToolSource="c:\program files (x86)\arcgis\desktop10.2\ArcToolbox\Toolboxes\Data Management Tools.tbx\CalculateField" Date="20220701" Time="163135">CalculateField CNE_IDEAM_ZE LYearS ( [FECHA_SUSP] - [FECHA_INST] )/365 VB #</Process><Process ToolSource="c:\program files (x86)\arcgis\desktop10.2\ArcToolbox\Toolboxes\Data Management Tools.tbx\CalculateField" Date="20220701" Time="163327">CalculateField CNE_IDEAM_ZE LYearS ( [FECHA_SUSP] - [FECHA_INST] )/365 VB #</Process><Process ToolSource="c:\program files (x86)\arcgis\desktop10.2\ArcToolbox\Toolboxes\Data Management Tools.tbx\CalculateField" Date="20220701" Time="163401">CalculateField CNE_IDEAM_ZE LYearS ( [FECHA_SUSP] - [FECHA_INST] )/365 VB #</Process><Process ToolSource="c:\program files (x86)\arcgis\desktop10.2\ArcToolbox\Toolboxes\Data Management Tools.tbx\CalculateField" Date="20220701" Time="163407">CalculateField CNE_IDEAM_ZE LYearS 0 VB #</Process><Process ToolSource="c:\program files (x86)\arcgis\desktop10.2\ArcToolbox\Toolboxes\Data Management Tools.tbx\CalculateField" Date="20220701" Time="163854">CalculateField CNE_IDEAM_ZE LYearS len_years_serie( !FECHA_INST! , !FECHA_SUSP! ) PYTHON_9.3 "from datetime import datetime\ntw_end_date = '2021-12-31' # Time window end\ndef len_years_serie(installation_date, suspension_date):\n    if suspension_date:\n        diff_date = datetime.strptime(suspension_date, '%Y-%m-%d') - datetime.strptime(installation_date, '%Y-%m-%d')\n    else:\n        diff_date = datetime.strptime(tw_end_date, '%Y-%m-%d') - datetime.strptime(installation_date, '%Y-%m-%d')\n    return float(diff_date.days)/365"</Process><Process ToolSource="c:\program files (x86)\arcgis\desktop10.2\ArcToolbox\Toolboxes\Data Management Tools.tbx\CalculateField" Date="20220701" Time="164134">CalculateField CNE_IDEAM_ZE LYearS len_years_serie( !FECHA_INST! , !FECHA_SUSP! )[0] PYTHON_9.3 "tw_start_date = '' # Time-window start. Use '' for set 1900-01-01\ntw_end_date = '2021-12-31' # Time-window end. Use '' for use the current date and prevent over-time wrong suspension dates\nif not tw_start_date: tw_start_date = '1900-01-01'\nif not tw_end_date: tw_end_date = str(datetime.today().date())\ndef len_years_serie(installation_date, suspension_date):\n    if installation_date:\n        if datetime.strptime(installation_date, '%Y-%m-%d') &lt;= datetime.strptime(tw_start_date, '%Y-%m-%d'):\n            tw_installation_date = tw_start_date\n        else:\n            tw_installation_date = installation_date\n        if suspension_date:\n            if datetime.strptime(suspension_date, '%Y-%m-%d') &gt;= datetime.strptime(tw_end_date, '%Y-%m-%d'):\n                tw_suspension_date = tw_end_date\n            else:\n                tw_suspension_date = suspension_date\n            diff_date = datetime.strptime(suspension_date, '%Y-%m-%d') - datetime.strptime(installation_date, '%Y-%m-%d')\n            tw_diff_date = datetime.strptime(tw_suspension_date, '%Y-%m-%d') - datetime.strptime(tw_installation_date, '%Y-%m-%d')\n        else:\n            diff_date = datetime.strptime(tw_end_date, '%Y-%m-%d') - datetime.strptime(installation_date, '%Y-%m-%d')\n            tw_diff_date = datetime.strptime(tw_end_date, '%Y-%m-%d') - datetime.strptime(tw_installation_date, '%Y-%m-%d')\n        diff_date = float(diff_date.days)/365\n        tw_diff_date = float(tw_diff_date.days)/365\n        if diff_date &lt; 0: diff_date = 0\n        if tw_diff_date &lt; 0: tw_diff_date = 0\n    else:\n        diff_date = 0\n        tw_diff_date = 0\n    return diff_date, tw_diff_date # First value is complete length. Second value is time window length"</Process><Process ToolSource="c:\program files (x86)\arcgis\desktop10.2\ArcToolbox\Toolboxes\Data Management Tools.tbx\CalculateField" Date="20220701" Time="164338">CalculateField CNE_IDEAM_ZE LYearS len_years_serie( !FECHA_INST! , !FECHA_SUSP! )[0] PYTHON_9.3 "tw_start_date = '' # Time-window start. Use '' for set 1900-01-01\ntw_end_date = '2021-12-31' # Time-window end. Use '' for use the current date and prevent over-time wrong suspension dates\nif not tw_start_date: tw_start_date = '1900-01-01'\nif not tw_end_date: tw_end_date = str(datetime.today().date())\ndef len_years_serie(installation_date, suspension_date):\n    if installation_date:\n        if datetime.strptime(installation_date, '%Y-%m-%d') &lt;= datetime.strptime(tw_start_date, '%Y-%m-%d'):\n            tw_installation_date = tw_start_date\n        else:\n            tw_installation_date = installation_date\n        if suspension_date:\n            if datetime.strptime(suspension_date, '%Y-%m-%d') &gt;= datetime.strptime(tw_end_date, '%Y-%m-%d'):\n                tw_suspension_date = tw_end_date\n            else:\n                tw_suspension_date = suspension_date\n            diff_date = datetime.strptime(suspension_date, '%Y-%m-%d') - datetime.strptime(installation_date, '%Y-%m-%d')\n            tw_diff_date = datetime.strptime(tw_suspension_date, '%Y-%m-%d') - datetime.strptime(tw_installation_date, '%Y-%m-%d')\n        else:\n            diff_date = datetime.strptime(tw_end_date, '%Y-%m-%d') - datetime.strptime(installation_date, '%Y-%m-%d')\n            tw_diff_date = datetime.strptime(tw_end_date, '%Y-%m-%d') - datetime.strptime(tw_installation_date, '%Y-%m-%d')\n        diff_date = float(diff_date.days)/365\n        tw_diff_date = float(tw_diff_date.days)/365\n        if diff_date &lt; 0: diff_date = 0\n        if tw_diff_date &lt; 0: tw_diff_date = 0\n    else:\n        diff_date = 0\n        tw_diff_date = 0\n    return diff_date, tw_diff_date # First value is complete length. Second value is time window length"</Process><Process ToolSource="c:\program files (x86)\arcgis\desktop10.2\ArcToolbox\Toolboxes\Data Management Tools.tbx\CalculateField" Date="20220701" Time="164421">CalculateField CNE_IDEAM_ZE LYearS len_years_serie( !FECHA_INST! , !FECHA_SUSP! )[0] PYTHON_9.3 "tw_start_date = '1980-01-01' # Time-window start. Use '' for set 1900-01-01\ntw_end_date = '2021-12-31' # Time-window end. Use '' for use the current date and prevent over-time wrong suspension dates\nif not tw_start_date: tw_start_date = '1900-01-01'\nif not tw_end_date: tw_end_date = str(datetime.today().date())\ndef len_years_serie(installation_date, suspension_date):\n    if installation_date:\n        if datetime.strptime(installation_date, '%Y-%m-%d') &lt;= datetime.strptime(tw_start_date, '%Y-%m-%d'):\n            tw_installation_date = tw_start_date\n        else:\n            tw_installation_date = installation_date\n        if suspension_date:\n            if datetime.strptime(suspension_date, '%Y-%m-%d') &gt;= datetime.strptime(tw_end_date, '%Y-%m-%d'):\n                tw_suspension_date = tw_end_date\n            else:\n                tw_suspension_date = suspension_date\n            diff_date = datetime.strptime(suspension_date, '%Y-%m-%d') - datetime.strptime(installation_date, '%Y-%m-%d')\n            tw_diff_date = datetime.strptime(tw_suspension_date, '%Y-%m-%d') - datetime.strptime(tw_installation_date, '%Y-%m-%d')\n        else:\n            diff_date = datetime.strptime(tw_end_date, '%Y-%m-%d') - datetime.strptime(installation_date, '%Y-%m-%d')\n            tw_diff_date = datetime.strptime(tw_end_date, '%Y-%m-%d') - datetime.strptime(tw_installation_date, '%Y-%m-%d')\n        diff_date = float(diff_date.days)/365\n        tw_diff_date = float(tw_diff_date.days)/365\n        if diff_date &lt; 0: diff_date = 0\n        if tw_diff_date &lt; 0: tw_diff_date = 0\n    else:\n        diff_date = 0\n        tw_diff_date = 0\n    return diff_date, tw_diff_date # First value is complete length. Second value is time window length"</Process><Process ToolSource="c:\program files (x86)\arcgis\desktop10.2\ArcToolbox\Toolboxes\Data Management Tools.tbx\CalculateField" Date="20220701" Time="164429">CalculateField CNE_IDEAM_ZE LYearSTW len_years_serie( !FECHA_INST! , !FECHA_SUSP! )[1] PYTHON_9.3 "tw_start_date = '1980-01-01' # Time-window start. Use '' for set 1900-01-01\ntw_end_date = '2021-12-31' # Time-window end. Use '' for use the current date and prevent over-time wrong suspension dates\nif not tw_start_date: tw_start_date = '1900-01-01'\nif not tw_end_date: tw_end_date = str(datetime.today().date())\ndef len_years_serie(installation_date, suspension_date):\n    if installation_date:\n        if datetime.strptime(installation_date, '%Y-%m-%d') &lt;= datetime.strptime(tw_start_date, '%Y-%m-%d'):\n            tw_installation_date = tw_start_date\n        else:\n            tw_installation_date = installation_date\n        if suspension_date:\n            if datetime.strptime(suspension_date, '%Y-%m-%d') &gt;= datetime.strptime(tw_end_date, '%Y-%m-%d'):\n                tw_suspension_date = tw_end_date\n            else:\n                tw_suspension_date = suspension_date\n            diff_date = datetime.strptime(suspension_date, '%Y-%m-%d') - datetime.strptime(installation_date, '%Y-%m-%d')\n            tw_diff_date = datetime.strptime(tw_suspension_date, '%Y-%m-%d') - datetime.strptime(tw_installation_date, '%Y-%m-%d')\n        else:\n            diff_date = datetime.strptime(tw_end_date, '%Y-%m-%d') - datetime.strptime(installation_date, '%Y-%m-%d')\n            tw_diff_date = datetime.strptime(tw_end_date, '%Y-%m-%d') - datetime.strptime(tw_installation_date, '%Y-%m-%d')\n        diff_date = float(diff_date.days)/365\n        tw_diff_date = float(tw_diff_date.days)/365\n        if diff_date &lt; 0: diff_date = 0\n        if tw_diff_date &lt; 0: tw_diff_date = 0\n    else:\n        diff_date = 0\n        tw_diff_date = 0\n    return diff_date, tw_diff_date # First value is complete length. Second value is time window length"</Process><Process ToolSource="c:\program files (x86)\arcgis\desktop10.2\ArcToolbox\Toolboxes\Data Management Tools.tbx\CalculateField" Date="20220701" Time="165453">CalculateField CNE_IDEAM_ZE LYearS len_years_serie( !FECHA_INST! , !FECHA_SUSP! )[0] PYTHON_9.3 "from datetime import datetime\ntw_start_date = '' # Time-window start. Use '' for set 1900-01-01\ntw_end_date = '2021-12-31' # Time-window end. Use '' for use the current date and prevent over-time wrong suspension dates\nif not tw_start_date: tw_start_date = '1900-01-01'\nif not tw_end_date: tw_end_date = str(datetime.today().date())\ndef len_years_serie(installation_date, suspension_date):\n    if installation_date:\n        if datetime.strptime(installation_date, '%Y-%m-%d') &lt;= datetime.strptime(tw_start_date, '%Y-%m-%d'):\n            tw_installation_date = tw_start_date\n        else:\n            tw_installation_date = installation_date\n        if suspension_date:\n            if datetime.strptime(suspension_date, '%Y-%m-%d') &gt;= datetime.strptime(tw_end_date, '%Y-%m-%d'):\n                tw_suspension_date = tw_end_date\n            else:\n                tw_suspension_date = suspension_date\n            diff_date = datetime.strptime(suspension_date, '%Y-%m-%d') - datetime.strptime(installation_date, '%Y-%m-%d')\n            tw_diff_date = datetime.strptime(tw_suspension_date, '%Y-%m-%d') - datetime.strptime(tw_installation_date, '%Y-%m-%d')\n        else:\n            diff_date = datetime.strptime(tw_end_date, '%Y-%m-%d') - datetime.strptime(installation_date, '%Y-%m-%d')\n            tw_diff_date = datetime.strptime(tw_end_date, '%Y-%m-%d') - datetime.strptime(tw_installation_date, '%Y-%m-%d')\n        diff_date = float(diff_date.days)/365\n        tw_diff_date = float(tw_diff_date.days)/365\n        if diff_date &lt; 0: diff_date = 0\n        if tw_diff_date &lt; 0: tw_diff_date = 0\n    else:\n        diff_date = 0\n        tw_diff_date = 0\n    return diff_date, tw_diff_date # First value is complete length. Second value is time window length"</Process><Process ToolSource="c:\program files (x86)\arcgis\desktop10.2\ArcToolbox\Toolboxes\Data Management Tools.tbx\CalculateField" Date="20220701" Time="165501">CalculateField CNE_IDEAM_ZE LYearSTW len_years_serie( !FECHA_INST! , !FECHA_SUSP! )[1] PYTHON_9.3 "from datetime import datetime\ntw_start_date = '' # Time-window start. Use '' for set 1900-01-01\ntw_end_date = '2021-12-31' # Time-window end. Use '' for use the current date and prevent over-time wrong suspension dates\nif not tw_start_date: tw_start_date = '1900-01-01'\nif not tw_end_date: tw_end_date = str(datetime.today().date())\ndef len_years_serie(installation_date, suspension_date):\n    if installation_date:\n        if datetime.strptime(installation_date, '%Y-%m-%d') &lt;= datetime.strptime(tw_start_date, '%Y-%m-%d'):\n            tw_installation_date = tw_start_date\n        else:\n            tw_installation_date = installation_date\n        if suspension_date:\n            if datetime.strptime(suspension_date, '%Y-%m-%d') &gt;= datetime.strptime(tw_end_date, '%Y-%m-%d'):\n                tw_suspension_date = tw_end_date\n            else:\n                tw_suspension_date = suspension_date\n            diff_date = datetime.strptime(suspension_date, '%Y-%m-%d') - datetime.strptime(installation_date, '%Y-%m-%d')\n            tw_diff_date = datetime.strptime(tw_suspension_date, '%Y-%m-%d') - datetime.strptime(tw_installation_date, '%Y-%m-%d')\n        else:\n            diff_date = datetime.strptime(tw_end_date, '%Y-%m-%d') - datetime.strptime(installation_date, '%Y-%m-%d')\n            tw_diff_date = datetime.strptime(tw_end_date, '%Y-%m-%d') - datetime.strptime(tw_installation_date, '%Y-%m-%d')\n        diff_date = float(diff_date.days)/365\n        tw_diff_date = float(tw_diff_date.days)/365\n        if diff_date &lt; 0: diff_date = 0\n        if tw_diff_date &lt; 0: tw_diff_date = 0\n    else:\n        diff_date = 0\n        tw_diff_date = 0\n    return diff_date, tw_diff_date # First value is complete length. Second value is time window length"</Process><Process ToolSource="c:\program files (x86)\arcgis\desktop10.2\ArcToolbox\Toolboxes\Data Management Tools.tbx\CalculateField" Date="20220701" Time="170312">CalculateField CNE_IDEAM_ZE LYearSTW len_years_serie( !FECHA_INST! , !FECHA_SUSP! )[1] PYTHON_9.3 "from datetime import datetime\ntw_start_date = '1980-01-01' # Time-window start. Use '' for set 1900-01-01\ntw_end_date = '2021-12-31' # Time-window end. Use '' for use the current date and prevent over-time wrong suspension dates\nif not tw_start_date: tw_start_date = '1900-01-01'\nif not tw_end_date: tw_end_date = str(datetime.today().date())\ndef len_years_serie(installation_date, suspension_date):\n    if installation_date:\n        if datetime.strptime(installation_date, '%Y-%m-%d') &lt;= datetime.strptime(tw_start_date, '%Y-%m-%d'):\n            tw_installation_date = tw_start_date\n        else:\n            tw_installation_date = installation_date\n        if suspension_date:\n            if datetime.strptime(suspension_date, '%Y-%m-%d') &gt;= datetime.strptime(tw_end_date, '%Y-%m-%d'):\n                tw_suspension_date = tw_end_date\n            else:\n                tw_suspension_date = suspension_date\n            diff_date = datetime.strptime(suspension_date, '%Y-%m-%d') - datetime.strptime(installation_date, '%Y-%m-%d')\n            tw_diff_date = datetime.strptime(tw_suspension_date, '%Y-%m-%d') - datetime.strptime(tw_installation_date, '%Y-%m-%d')\n        else:\n            diff_date = datetime.strptime(tw_end_date, '%Y-%m-%d') - datetime.strptime(installation_date, '%Y-%m-%d')\n            tw_diff_date = datetime.strptime(tw_end_date, '%Y-%m-%d') - datetime.strptime(tw_installation_date, '%Y-%m-%d')\n        diff_date = float(diff_date.days)/365\n        tw_diff_date = float(tw_diff_date.days)/365\n        if diff_date &lt; 0: diff_date = 0\n        if tw_diff_date &lt; 0: tw_diff_date = 0\n    else:\n        diff_date = 0\n        tw_diff_date = 0\n    return diff_date, tw_diff_date # First value is complete length. Second value is time window length\n"</Process><Process ToolSource="c:\program files (x86)\arcgis\desktop10.2\ArcToolbox\Toolboxes\Data Management Tools.tbx\CalculateField" Date="20220701" Time="172947">CalculateField CNE_IDEAM_ZE LYearSTW len_years_serie( !FECHA_INST! , !FECHA_SUSP! )[1] PYTHON_9.3 "from datetime import datetime\ntw_start_date = '1980-01-01' # Time-window start. Use '' for set 1900-01-01\ntw_end_date = '2021-12-31' # Time-window end. Use '' for use the current date and prevent over-time wrong suspension dates\nif not tw_start_date: tw_start_date = '1900-01-01'\nif not tw_end_date: tw_end_date = str(datetime.today().date())\ndef len_years_serie(installation_date, suspension_date):\n    if installation_date:\n        if datetime.strptime(installation_date, '%Y-%m-%d') &lt;= datetime.strptime(tw_start_date, '%Y-%m-%d'):\n            tw_installation_date = tw_start_date\n        else:\n            tw_installation_date = installation_date\n        if suspension_date:\n            if datetime.strptime(suspension_date, '%Y-%m-%d') &gt;= datetime.strptime(tw_end_date, '%Y-%m-%d'):\n                tw_suspension_date = tw_end_date\n            else:\n                tw_suspension_date = suspension_date\n            diff_date = datetime.strptime(suspension_date, '%Y-%m-%d') - datetime.strptime(installation_date, '%Y-%m-%d')\n            tw_diff_date = datetime.strptime(tw_suspension_date, '%Y-%m-%d') - datetime.strptime(tw_installation_date, '%Y-%m-%d')\n        else:\n            diff_date = datetime.strptime(tw_end_date, '%Y-%m-%d') - datetime.strptime(installation_date, '%Y-%m-%d')\n            tw_diff_date = datetime.strptime(tw_end_date, '%Y-%m-%d') - datetime.strptime(tw_installation_date, '%Y-%m-%d')\n        diff_date = float(diff_date.days)/365\n        tw_diff_date = float(tw_diff_date.days)/365\n        if diff_date &lt; 0: diff_date = 0\n        if tw_diff_date &lt; 0: tw_diff_date = 0\n    else:\n        diff_date = 0\n        tw_diff_date = 0\n    return diff_date, tw_diff_date # First value is complete length. Second value is time window length\n"</Process></lineage><itemProps><itemName Sync="TRUE">CNE_IDEAM</itemName><imsContentType Sync="TRUE">002</imsContentType><itemSize Sync="TRUE">0.000</itemSize><itemLocation><linkage Sync="TRUE">file://\\IDEAM-16352\C$\Users\acasas\AppData\Local\Temp\zipfolder383\CNE_IDEAM.shp</linkage><protocol Sync="TRUE">Local Area Network</protocol></itemLocation></itemProps><coordRef><type Sync="TRUE">Geographic</type><geogcsn Sync="TRUE">GCS_MAGNA</geogcsn><csUnits Sync="TRUE">Angular Unit: Degree (0.017453)</csUnits><peXml Sync="TRUE">&lt;GeographicCoordinateSystem xsi:type='typens:GeographicCoordinateSystem' xmlns:xsi='http://www.w3.org/2001/XMLSchema-instance' xmlns:xs='http://www.w3.org/2001/XMLSchema' xmlns:typens='http://www.esri.com/schemas/ArcGIS/10.5'&gt;&lt;WKT&gt;GEOGCS[&amp;quot;GCS_MAGNA&amp;quot;,DATUM[&amp;quot;D_MAGNA&amp;quot;,SPHEROID[&amp;quot;GRS_1980&amp;quot;,6378137.0,298.257222101]],PRIMEM[&amp;quot;Greenwich&amp;quot;,0.0],UNIT[&amp;quot;Degree&amp;quot;,0.0174532925199433],AUTHORITY[&amp;quot;EPSG&amp;quot;,4686]]&lt;/WKT&gt;&lt;XOrigin&gt;-400&lt;/XOrigin&gt;&lt;YOrigin&gt;-400&lt;/YOrigin&gt;&lt;XYScale&gt;11258999068426.238&lt;/XYScale&gt;&lt;ZOrigin&gt;-100000&lt;/ZOrigin&gt;&lt;ZScale&gt;10000&lt;/ZScale&gt;&lt;MOrigin&gt;-100000&lt;/MOrigin&gt;&lt;MScale&gt;10000&lt;/MScale&gt;&lt;XYTolerance&gt;8.9831528411952133e-009&lt;/XYTolerance&gt;&lt;ZTolerance&gt;0.001&lt;/ZTolerance&gt;&lt;MTolerance&gt;0.001&lt;/MTolerance&gt;&lt;HighPrecision&gt;true&lt;/HighPrecision&gt;&lt;LeftLongitude&gt;-180&lt;/LeftLongitude&gt;&lt;WKID&gt;4686&lt;/WKID&gt;&lt;LatestWKID&gt;4686&lt;/LatestWKID&gt;&lt;/GeographicCoordinateSystem&gt;</peXml></coordRef></DataProperties><SyncDate>20220624</SyncDate><SyncTime>16041300</SyncTime><ModDate>20220624</ModDate><ModTime>16041300</ModTime></Esri><dataIdInfo><envirDesc Sync="TRUE">Microsoft Windows 7 Version 6.1 (Build 7601) Service Pack 1; Esri ArcGIS 10.5.0.6491</envirDesc><dataLang><languageCode value="spa" Sync="TRUE"></languageCode><countryCode value="COL" Sync="TRUE"></countryCode></dataLang><idCitation><resTitle Sync="TRUE">CNE_IDEAM</resTitle><presForm><PresFormCd value="005" Sync="TRUE"></PresFormCd></presForm></idCitation><spatRpType><SpatRepTypCd value="001" Sync="TRUE"></SpatRepTypCd></spatRpType></dataIdInfo><mdLang><languageCode value="spa" Sync="TRUE"></languageCode><countryCode value="COL" Sync="TRUE"></countryCode></mdLang><distInfo><distFormat><formatName Sync="TRUE">Shapefile</formatName></distFormat><distTranOps><transSize Sync="TRUE">0.000</transSize></distTranOps></distInfo><mdHrLv><ScopeCd value="005" Sync="TRUE"></ScopeCd></mdHrLv><mdHrLvName Sync="TRUE">dataset</mdHrLvName><refSysInfo><RefSystem><refSysID><identCode code="4686" Sync="TRUE"></identCode><idCodeSpace Sync="TRUE">EPSG</idCodeSpace><idVersion Sync="TRUE">7.6.4(9.2.0)</idVersion></refSysID></RefSystem></refSysInfo><spatRepInfo><VectSpatRep><geometObjs Name="CNE_IDEAM"><geoObjTyp><GeoObjTypCd value="004" Sync="TRUE"></GeoObjTypCd></geoObjTyp><geoObjCnt Sync="TRUE">0</geoObjCnt></geometObjs><topLvl><TopoLevCd value="001" Sync="TRUE"></TopoLevCd></topLvl></VectSpatRep></spatRepInfo><spdoinfo><ptvctinf><esriterm Name="CNE_IDEAM"><efeatyp Sync="TRUE">Simple</efeatyp><efeageom code="1" Sync="TRUE"></efeageom><esritopo Sync="TRUE">FALSE</esritopo><efeacnt Sync="TRUE">0</efeacnt><spindex Sync="TRUE">FALSE</spindex><linrefer Sync="TRUE">FALSE</linrefer></esriterm></ptvctinf></spdoinfo><eainfo><detailed Name="CNE_IDEAM"><enttyp><enttypl Sync="TRUE">CNE_IDEAM</enttypl><enttypt Sync="TRUE">Feature Class</enttypt><enttypc Sync="TRUE">0</enttypc></enttyp><attr><attrlabl Sync="TRUE">FID</attrlabl><attalias Sync="TRUE">FID</attalias><attrtype Sync="TRUE">OID</attrtype><attwidth Sync="TRUE">4</attwidth><atprecis Sync="TRUE">0</atprecis><attscale Sync="TRUE">0</attscale><attrdef Sync="TRUE">Internal feature number.</attrdef><attrdefs Sync="TRUE">Esri</attrdefs><attrdomv><udom Sync="TRUE">Sequential unique whole numbers that are automatically generated.</udom></attrdomv></attr><attr><attrlabl Sync="TRUE">Shape</attrlabl><attalias Sync="TRUE">Shape</attalias><attrtype Sync="TRUE">Geometry</attrtype><attwidth Sync="TRUE">0</attwidth><atprecis Sync="TRUE">0</atprecis><attscale Sync="TRUE">0</attscale><attrdef Sync="TRUE">Feature geometry.</attrdef><attrdefs Sync="TRUE">Esri</attrdefs><attrdomv><udom Sync="TRUE">Coordinates defining the features.</udom></attrdomv></attr><attr><attrlabl Sync="TRUE">OBJECTID</attrlabl><attalias Sync="TRUE">OBJECTID</attalias><attrtype Sync="TRUE">Double</attrtype><attwidth Sync="TRUE">19</attwidth><atprecis Sync="TRUE">0</atprecis><attscale Sync="TRUE">0</attscale></attr><attr><attrlabl Sync="TRUE">CODIGO</attrlabl><attalias Sync="TRUE">CODIGO</attalias><attrtype Sync="TRUE">String</attrtype><attwidth Sync="TRUE">254</attwidth><atprecis Sync="TRUE">0</atprecis><attscale Sync="TRUE">0</attscale></attr><attr><attrlabl Sync="TRUE">nombre</attrlabl><attalias Sync="TRUE">nombre</attalias><attrtype Sync="TRUE">String</attrtype><attwidth Sync="TRUE">254</attwidth><atprecis Sync="TRUE">0</atprecis><attscale Sync="TRUE">0</attscale></attr><attr><attrlabl Sync="TRUE">CATEGORIA</attrlabl><attalias Sync="TRUE">CATEGORIA</attalias><attrtype Sync="TRUE">String</attrtype><attwidth Sync="TRUE">254</attwidth><atprecis Sync="TRUE">0</atprecis><attscale Sync="TRUE">0</attscale></attr><attr><attrlabl Sync="TRUE">TECNOLOGIA</attrlabl><attalias Sync="TRUE">TECNOLOGIA</attalias><attrtype Sync="TRUE">String</attrtype><attwidth Sync="TRUE">254</attwidth><atprecis Sync="TRUE">0</atprecis><attscale Sync="TRUE">0</attscale></attr><attr><attrlabl Sync="TRUE">ESTADO</attrlabl><attalias Sync="TRUE">ESTADO</attalias><attrtype Sync="TRUE">String</attrtype><attwidth Sync="TRUE">254</attwidth><atprecis Sync="TRUE">0</atprecis><attscale Sync="TRUE">0</attscale></attr><attr><attrlabl Sync="TRUE">FECHA_INST</attrlabl><attalias Sync="TRUE">FECHA_INST</attalias><attrtype Sync="TRUE">Date</attrtype><attwidth Sync="TRUE">8</attwidth><atprecis Sync="TRUE">0</atprecis><attscale Sync="TRUE">0</attscale></attr><attr><attrlabl Sync="TRUE">altitud</attrlabl><attalias Sync="TRUE">altitud</attalias><attrtype Sync="TRUE">Double</attrtype><attwidth Sync="TRUE">19</attwidth><atprecis Sync="TRUE">0</atprecis><attscale Sync="TRUE">0</attscale></attr><attr><attrlabl Sync="TRUE">latitud</attrlabl><attalias Sync="TRUE">latitud</attalias><attrtype Sync="TRUE">Double</attrtype><attwidth Sync="TRUE">19</attwidth><atprecis Sync="TRUE">0</atprecis><attscale Sync="TRUE">0</attscale></attr><attr><attrlabl Sync="TRUE">longitud</attrlabl><attalias Sync="TRUE">longitud</attalias><attrtype Sync="TRUE">Double</attrtype><attwidth Sync="TRUE">19</attwidth><atprecis Sync="TRUE">0</atprecis><attscale Sync="TRUE">0</attscale></attr><attr><attrlabl Sync="TRUE">DEPARTAMEN</attrlabl><attalias Sync="TRUE">DEPARTAMEN</attalias><attrtype Sync="TRUE">String</attrtype><attwidth Sync="TRUE">254</attwidth><atprecis Sync="TRUE">0</atprecis><attscale Sync="TRUE">0</attscale></attr><attr><attrlabl Sync="TRUE">MUNICIPIO</attrlabl><attalias Sync="TRUE">MUNICIPIO</attalias><attrtype Sync="TRUE">String</attrtype><attwidth Sync="TRUE">254</attwidth><atprecis Sync="TRUE">0</atprecis><attscale Sync="TRUE">0</attscale></attr><attr><attrlabl Sync="TRUE">AREA_OPERA</attrlabl><attalias Sync="TRUE">AREA_OPERA</attalias><attrtype Sync="TRUE">String</attrtype><attwidth Sync="TRUE">254</attwidth><atprecis Sync="TRUE">0</atprecis><attscale Sync="TRUE">0</attscale></attr><attr><attrlabl Sync="TRUE">AREA_HIDRO</attrlabl><attalias Sync="TRUE">AREA_HIDRO</attalias><attrtype Sync="TRUE">String</attrtype><attwidth Sync="TRUE">254</attwidth><atprecis Sync="TRUE">0</atprecis><attscale Sync="TRUE">0</attscale></attr><attr><attrlabl Sync="TRUE">ZONA_HIDRO</attrlabl><attalias Sync="TRUE">ZONA_HIDRO</attalias><attrtype Sync="TRUE">String</attrtype><attwidth Sync="TRUE">254</attwidth><atprecis Sync="TRUE">0</atprecis><attscale Sync="TRUE">0</attscale></attr><attr><attrlabl Sync="TRUE">ENTIDAD</attrlabl><attalias Sync="TRUE">ENTIDAD</attalias><attrtype Sync="TRUE">String</attrtype><attwidth Sync="TRUE">254</attwidth><atprecis Sync="TRUE">0</atprecis><attscale Sync="TRUE">0</attscale></attr><attr><attrlabl Sync="TRUE">CORRIENTE</attrlabl><attalias Sync="TRUE">CORRIENTE</attalias><attrtype Sync="TRUE">String</attrtype><attwidth Sync="TRUE">254</attwidth><atprecis Sync="TRUE">0</atprecis><attscale Sync="TRUE">0</attscale></attr><attr><attrlabl Sync="TRUE">FECHA_SUSP</attrlabl><attalias Sync="TRUE">FECHA_SUSP</attalias><attrtype Sync="TRUE">Date</attrtype><attwidth Sync="TRUE">8</attwidth><atprecis Sync="TRUE">0</atprecis><attscale Sync="TRUE">0</attscale></attr><attr><attrlabl Sync="TRUE">SUBZONA_HI</attrlabl><attalias Sync="TRUE">SUBZONA_HI</attalias><attrtype Sync="TRUE">String</attrtype><attwidth Sync="TRUE">254</attwidth><atprecis Sync="TRUE">0</atprecis><attscale Sync="TRUE">0</attscale></attr></detailed></eainfo><mdDateSt Sync="TRUE">20220624</mdDateSt></metadata>
